id,profit
5195,4.047090933040037
6540,7.878352584559039
3606,5.930724877826037
8514,5.647776734819162
6893,15.222808866192866
1936,-41.01181227744314
1593,-160.97671738473488
8245,10.97156997630164
4178,-272.0048381411507
3369,10.42690240123286
5672,37.344735908610836
2238,0.465519600656237
4681,5.221672453915732
1340,-199.84659633046746
8973,42.17005668851451
8153,82.40850046194774
6162,25.25623424163151
7671,1676.7639108705255
1506,89.7871281462275
2606,-2.925034371002035
8515,32.90547674485432
2373,9.654110417327143
8749,-1.9835174411571832
8065,0.7232944014346885
634,-129.55110439298
6431,172.56067733302626
9867,42.32573746407983
4724,5.7616443521688545
6604,32.46666066232631
2870,21.48837635937881
6519,37.47169755013217
9438,10.442199152958551
1333,47.333974807500454
138,55.14275746854793
3265,42.31110362396497
8121,7.4894411078460745
8082,22.339071109444994
690,-643.7925385524521
4321,13.22289768876315
2980,-3.88273393908932
6667,697.3657239491746
870,14.808789070710182
150,80.9868688669432
2372,35.62237385265903
216,11.040944677841878
3558,-69.47882221663103
4473,4.684032604233462
8085,41.404572432812515
8769,3.140873999931241
9182,199.35486626318695
4582,18.87911489382863
3867,133.8171598101458
7818,32.557522584019125
6693,91.52713757074372
7197,2.8678055270234064
285,-117.51349436316377
1196,29.386320599767352
355,-26.90351496493315
3765,269.60731560206284
8511,-98.8448096656464
2056,22.77416609365394
6241,1.84171250886358
654,3.307427423318558
5485,18.238519322837533
133,30.20240563503777
927,285.07574984024984
670,-78.34021260929359
6310,-306.2364642016247
5047,124.76161219558867
59,21.205218479798575
1030,32.60221073107905
933,-1.329361200220478
6244,2.2104747213870173
2493,31.06681229305161
3981,16.209598203542235
5518,6.412216722387029
1900,25.555665672438195
8182,33.72571992869043
3562,46.33986789502641
966,-10.142245743688864
9328,-169.5240746599781
9562,6.011413522141525
7212,21.394177360703978
1453,32.618649894421324
455,42.26269501840358
8391,32.2156422583754
2361,4.261578346616123
8089,19.636926217157505
9459,-171.91501227697947
9168,-1.2001005971874863
5615,-705.6476525191672
6116,135.64910312815505
8483,128.50527576250005
1063,15.490386021181829
1541,4.838384531523197
1930,6.199202893381939
5946,52.552122434160786
1919,-100.38275226172327
9960,20.024558374531377
12,57.58270172999648
8200,45.936655770473934
1972,-6.712971462866642
6069,-16.839346613352234
9514,7.369678264396461
3605,-153.0060370272635
2065,52.396012529592575
4602,-2.6372964787061495
5640,31.824496353635976
6387,14.730997229810715
643,-196.7883699814112
577,11.88492932658728
5986,7.361938841932572
9429,-0.36082385935717454
4816,35.42512261056398
8014,49.98545045932856
6691,25.897914578803434
4260,87.53122031729146
4932,10.410611725990506
9952,78.19855878330247
5423,-0.7708360896985006
153,23.558538637328976
2898,43.37513266110352
710,17.462466007684785
6995,-16.918168116056556
8389,2.730394494398018
4975,9.21991979130894
4208,24.116343198379408
4967,49.88495027239132
7831,31.69386438475373
8338,-4.539273992689365
5556,-27.971483908181256
567,-26.163205605719046
7201,2.5488930362949285
8994,19.2845280657614
8979,31.086820738454907
7978,28.274932147689526
5463,-35.53978550509857
6064,54.09743786578641
9359,3.553356010625356
2347,-21.18124647267621
1629,481.37822380167825
6625,-10.430006368776546
9475,27.149670947886793
8229,11.663875879441887
5684,8.799143233698647
1982,4.832604606824237
7683,55.80923894824538
2295,-152.5962342158366
1497,52.885073357082476
9907,3.187236263045308
7397,-143.60742080506697
8955,-147.28454004748568
6308,-13.188930388855345
3489,52.142082502803234
2726,-1.7777581693913347
903,99.25213082317714
802,532.1082744598906
1789,2.3756515997098333
6416,26.561127902988606
8660,7.4894411078460745
6373,4.980335236121113
4771,-34.90073817462
7994,25.846880611223238
7851,9.467263450821253
782,-417.18837053708796
4498,17.919214408884034
1261,15.071060569322103
8222,39.74516851585841
3546,6.2461211818531694
1114,18.329548602670226
862,-24.397255486518617
9309,16.576707830864816
2395,40.93788205718292
876,9.712855444354416
6238,15.229122197313133
1330,-2.179984337135693
7655,-5.5033265170670616
9517,16.521498061657603
6246,9.809097901129327
5603,0.9321053535547011
5700,18.899563408713508
6795,-198.56748946370672
7749,64.03771177936403
8638,6.737672485684831
322,-99.61686257547836
198,14.262133838080178
1125,6.8277071040921555
4052,-21.329984831581644
8944,-18.580854713470714
1147,-244.29373901313932
2532,44.54766885134137
4109,256.91801529492784
9163,0.5943348841156132
6227,19.06964584795094
1524,281.0998131919999
9787,18.51259183301941
4168,-24.04089217166653
6766,89.7993906064107
3350,35.56943551001247
4192,-32.5723359628559
7808,6.90244380200731
2289,-414.45696224808836
8962,3.2146218968223543
2854,32.58767307485372
9410,42.698281140044855
469,-167.5424000066636
8772,7.331143950380128
7988,18.514740369925654
2650,12.879686743249431
6087,2.3616355155729396
4819,14.81085832149004
1772,-1.6909033601947234
3278,217.6879646586433
1968,-7.851542868021989
8207,29.15069475075271
8456,2.0505918581050424
7439,83.68595279354297
2202,-745.186417019342
6951,8.497224448575105
4634,-23.50129906709378
4085,4.7192858425749975
2351,5.2855614560523865
3615,15.13968346961629
2456,0.07512533987120273
2933,-168.79598042648936
7330,43.45700534328125
2275,-1.2289725742847981
3861,1.3321549513738706
951,18.678859630299517
5032,-19.51913306275684
2682,53.45457943578797
2727,17.128402062515367
4199,6.284399813556581
7139,-158.48694782961235
3530,313.24925511455143
7137,-0.08172649168063562
2259,-2.0065772366818857
336,-70.79481258268268
5222,-0.8774962185974307
3995,243.6224362639651
8492,-6.194458412633409
623,-16.330964145241047
3180,-37.40495693729343
7019,19.835929760580637
7497,-13.688466111094407
6936,0.5483486655508871
6884,5.6823268088060095
2959,135.59790115646274
3247,4.845985024668767
1535,35.94552859582189
3899,-67.05822842206446
4850,13.976494083261334
4367,53.39103181504956
725,93.74235111468488
7325,27.87187778775524
6737,-154.5470599402002
3523,4.700620825984171
3708,26.326050157051796
9756,-37.514945834982214
4165,9.811058823678241
4561,47.40813724468484
9538,0.9019175420094014
6126,-6.2631632672618025
7643,18.935428314243662
6913,29.79651197042724
6978,2.5729464684799463
9715,2.3631565979926976
2783,-17.96357148852055
3971,-341.5361182332748
8372,33.32028804985214
7666,10.955861087796572
5829,92.95175950166322
8771,111.05299981267825
4271,20.186504517708755
5285,15.053207896982679
4566,-60.61230549196484
8431,7.163818299465996
8921,8.980355053605724
6195,2.7027388740082223
8134,20.621754111893306
4827,54.270304646129325
5371,6.044899047330047
6352,7.042503774183171
8574,4.543444800010506
9373,30.54660137781665
4983,344.04926463219346
6511,7.324026506497908
9741,5.587218760874042
9833,1.4001497224295099
8295,7.759219681803811
5877,246.47950026700468
3281,-33.46196299515979
2533,-2.484870715767177
3124,27.219802322370455
8158,12.923794100951296
8789,-19.282173032405318
6637,5.365288790005822
8320,-26.59735616655461
3675,38.515248167679445
7320,99.59061281206871
940,28.94991904859778
7302,16.861505558103374
3641,42.019759570185094
9680,1.5077067700743818
586,9.787156108481124
5209,7.654838358845681
9063,-28.5756672245836
8972,6.265890116223334
146,26.898711740848263
4987,34.503657475043745
295,-2.922953660340532
2424,264.2672321506147
2982,-7.540078095224106
2371,-0.9728451768724884
5666,14.587903725604077
9138,29.87300577939023
6924,-1.1590829249447139
9357,7.093389575599721
8963,33.413397958975516
5282,-11.54102032694945
8721,56.13871731666958
5750,2.7981267584581495
649,80.80851843298058
3427,52.636124084292945
7494,39.72392040017231
2648,-44.38715308070031
3942,73.82586299353436
6512,99.16751136033515
6289,44.250229745092504
4545,-2.7166903717169113
5204,-127.82925784034576
1643,4.825824472587822
9132,40.562411504497724
4106,11.484889297992687
4438,-5.718666406939175
131,-138.3065140673768
4880,6.1393452623716005
5798,44.98797194202654
4229,9.004792779851241
4700,50.78574598500925
1172,0.9596714822422897
9336,59.69435215825989
160,31.752638930386674
6720,15.386127390754961
693,369.7373242223133
7857,-550.3348765865024
3271,2.8506659383703457
8559,7.2035162266491115
8012,259.05116003888645
5491,7.90724882135083
9244,9.969402250081215
5908,-0.688943199467625
7449,13.934645769930768
5652,-254.68431766026285
3304,-13.182148019060076
8728,4.328875704012667
8906,15.676171222139805
4572,-14.871420216136368
5787,-150.84901501462534
3080,17.825776026108663
2642,21.75063014399217
9581,12.718091610991284
8562,25.1524085998279
6873,23.41172455984996
1341,14.333568526427676
5179,50.74751662343099
9209,16.767849161500347
5157,66.04413113867564
6535,3.193136615888619
2458,32.6340594069482
2481,56.37913176431863
1187,7.103231707606719
6970,-30.955611629287976
180,6.862431245664041
7645,-37.37831970883178
8829,2.082977809012032
8249,19.405554145903018
3818,32.03198972235165
7663,-445.6973659206248
6306,3.9422114708944496
9134,8.72845346851467
6739,131.51696616149155
2036,4.853380483344847
4800,-3.041328506704673
7723,17.086240231523828
163,-9.292003970066705
4920,7.472162346504397
9253,9.785017569818955
5357,23.359780421303697
646,-172.48923383504138
9737,38.48296067775989
1445,12.661047762492764
281,-13.790164011734339
2579,28.257684891145825
8203,5.534936098541926
1612,-116.7413500726278
9755,18.39860045095615
6478,-39.86718219554141
9851,44.710543819261105
6114,11.495357837644228
4622,-11.2155789728871
5332,22.686219189926156
6774,84.12681967143827
5484,7.104124834037966
3352,70.54779787452323
1284,0.21088911196587556
3176,-10.557491851613229
9483,-26.141787466918004
9759,-0.15694985043170517
1867,0.967419481714641
5113,-21.950449381824047
5631,14.271812140768779
9224,108.80204565316012
6785,8.143668990930287
9962,6.750443243361811
7276,21.374241309255556
9473,71.18128802041498
9799,-27.107446563042437
7096,8.609716630736909
5363,1.363534901585933
9987,-57.092388321447615
9831,0.5877392611350793
4881,1.7127186442779423
990,32.25766108346267
886,16.312717759759067
3592,7.7663578872699786
8292,128.6060907913899
866,64.16431570510495
6712,10.410611725990506
4820,112.11863779985964
4599,5.851005478553253
8851,-728.0019896562109
9193,17.767001487193916
369,111.03443395909233
4783,-4.642979849701043
3067,4.762575269646462
9269,4.448772494272294
7422,-3.0158861409467557
7589,15.17308180755114
3634,13.67541983604574
6296,-2.8981326528741187
6958,13.611994054317083
3317,-19.401012429623528
6990,11.914322444527139
3401,-0.009916964975320686
329,6.98796715869603
8208,-87.43201835424348
7798,21.841524811650004
2905,52.85940475451331
8147,29.957776467095513
2305,36.927381771720626
3728,12.511513182741465
9860,31.514022287267316
1139,-28.931739802903152
2404,13.509361780256429
6887,146.32213990139695
1238,-219.35879809373546
7903,104.90866039204494
5470,16.390303002551416
1773,-4.223522352441587
9856,22.06919758385612
8818,9.293894714868504
1895,20.70335914377076
855,97.66258109051593
5778,-29.728431940950752
3379,564.7722460266206
2140,-245.7131777118916
722,-88.00098070762719
9542,10.657010490785407
937,16.95201313288053
8364,-2.00642982158017
5717,15.209084369562316
4894,5.535875713267609
2602,4.860711585138404
4185,2.582195391655251
9221,67.46586107141034
2154,3.9862375161690364
2108,7.575385591963062
1026,-4.473668681059262
8324,-44.41523830145369
1666,-96.32976823291521
8735,7.797163985752162
547,7.4161782084155625
9263,13.038981880431804
5427,8.61978243164777
7030,-13.221632945279266
28,4.973479057593655
850,2.5135519994941977
8582,69.19713084671689
2105,6.837754969086026
3659,6.179232271990717
4900,42.83334141961524
2020,20.049029526351866
9501,107.13631560236354
2496,2.949927549043503
2715,427.07048220076956
8992,0.40945311662682116
8613,12.184136703315524
4553,-32.83671343422184
2466,2.2104747213870173
8070,3.963940650221792
8345,-340.0578719528393
4145,8.715233970683919
2166,16.31380051885023
7873,-9.434318530891787
9819,16.91848368238617
46,-0.12180596984714166
8435,29.128680409574965
4725,99.25194705171053
5462,-291.3077267888805
2304,21.7729454713808
1894,-19.672067356265675
2245,37.41563664031082
451,52.45396245352829
38,18.34189807955275
6885,16.428229384275323
6655,-18.0295605646999
7853,0.42272152078278813
1761,95.488903421929
3703,-3.2609582140522906
5145,-159.28943755694803
7149,13.282607671028728
7310,4.378882528566825
2185,61.3979430657659
795,7.812402424590153
2811,61.768991976873274
4218,5.2030023849083165
8618,-152.88643015857141
3268,25.127004303259056
5408,43.562488158383665
9041,-7.411508139226228
1720,-165.4144735686204
5815,9.49414010765323
50,8.263243589196183
4756,-18.000010778947885
5111,19.11862516778489
6186,8.274964690803168
8480,19.054370681880386
5716,29.77170379367797
9107,30.725314361846564
9958,-90.21602374966076
4941,48.485816696366
9028,204.25269470266528
3097,5.710037645002031
6882,9.768484096694571
6791,4.274586788714902
7865,2.6605093717625468
6175,4.684356242383675
1090,20.38200602568351
1016,12.952778087197128
3815,295.34328107154806
137,-132.2566428723549
505,554.9061046704081
4080,-358.8703865988323
3375,51.88070699098381
9800,150.06041824894513
19,4.846845521645242
9724,21.523273471898513
1571,-179.17145762387878
4276,24.02660467114853
4046,27.059934632627385
7125,-62.60546935902552
4019,169.79051995527146
2954,-29.632557179281125
4041,11.232528300491827
9882,2.691855351332908
9285,31.562234285572995
5977,100.37713221718792
2208,-5.598709908482732
5675,-3.7012266507964227
6938,7.926866844944667
4237,9.78008454157314
9059,23.852804926423403
3231,-40.05302085396371
6295,-9.449393162531297
2645,39.476424911707575
9775,26.007074483226525
9610,9.501497545180381
9276,-14.213435848890018
6285,-187.99649305997727
6601,16.63894909887887
3125,153.61927872201312
7216,112.18806674390673
3028,204.00029507225327
3316,-5.39659171259074
4164,70.65882278171942
9082,-0.28563616663184876
2876,8.312243039284631
7002,-3.5564395328925986
3164,43.486625550349366
6837,9.652879631040708
6742,33.857140172220504
6564,1005.6652811205935
7696,259.9514256809514
1222,15.818233245484475
3672,-0.2842909435317278
1075,9.011941617530283
3775,11.336304436506314
5528,6.001989807560191
5158,34.09305503764951
4745,32.93414245449021
8360,50.73130010963628
539,-182.00353199765863
5435,3.115814589825734
8855,-13.195163600174439
2847,426.6815644748637
4637,6.1868241633844825
3517,-141.69225021278803
4966,26.99273719083821
7592,6.029745368636152
6055,1.8953976986862102
9594,40.025093712506106
9388,11.320135270462252
811,52.74416793124408
3274,154.00793174934975
8959,0.859938110016109
2741,-23.91203503479562
8719,31.08290441810022
7832,18.94751808963709
1884,-0.10007273668040574
5912,28.31744950453246
9439,0.021212809342262287
1981,260.68721056082353
524,3.9896654158404727
8587,94.74842728033305
9659,4.741989665848208
4070,36.288341340126536
9288,65.12330010229495
2581,-21.492602147618776
4726,76.1104524507546
5438,-13.133533513307459
239,28.80004785955809
9105,-161.48685861431554
7869,15.399415737616238
8176,25.41773350843586
9684,-690.1823301155193
8610,8.43222373749335
5340,-29.495760019308456
9909,7.970926421032846
6314,32.46356129172684
2492,7.379178546357405
4600,42.57308392725488
1582,7.856446322720872
7998,7.318533676255699
9825,-290.58401801074353
53,31.757161233368546
6846,25.249795567652196
9345,10.416269891322248
4356,1.0150356615282534
4302,8.17912422778718
399,3.997308887097618
1178,30.43889090179156
8980,1.3671423571224666
3022,20.57698162835518
2948,3.20342917783407
9582,-118.40091251966855
2386,-58.61323593568859
6456,91.74338688012331
9468,137.42914910079958
3308,59.38644443428409
3935,7.016051632609512
1235,0.8786580639632057
540,-5.250314902750108
3824,-16.182998849005855
7152,32.558414549884446
9515,5.06053751858019
1297,15.37473218391812
786,7.242093464079186
7098,1.2861936407090226
6796,-13.152596803447011
2400,18.05168405398507
7763,3.221236311143893
1450,23.5946924069761
3486,137.34264471399067
7286,343.9415143120255
1668,10.92011520282627
7794,48.269593450359984
1013,0.9783249382657062
9126,0.5090408615148861
8924,8.89974441604441
5832,6.793356309716765
3155,8.187481258824462
6212,13.607427342096981
9458,-25.775367192341026
4033,48.14772600716447
2611,-15.2439389418983
2416,74.88860552043805
6313,4.6555043188281475
7942,-3.995649017775447
972,227.60057675269965
3013,-4.494905579901009
1082,6.124750009166903
6616,20.893608385078103
5215,52.06714955706507
2214,190.3231884316398
6650,-5.351391488272007
3224,15.491772979636384
6392,15.910793835252875
6780,-18.81654135797379
6155,9.08059682878449
2688,-167.5553816794485
5807,14.745908709368953
9472,14.368576887843336
7849,9.348477047666632
9260,277.22985790658686
9007,23.17875694682925
2749,-5.360450280134797
9988,17.816678673303063
5361,-1.3419328404694415
4833,57.51190836259291
4013,21.670825664846284
4312,95.29898385270498
7868,40.11840994198109
5764,-4.130059183012384
8348,10.528388698639525
7192,4.328736935313491
2131,-13.033864111573365
7213,5.902196838490324
9826,37.69514257778547
6405,26.120119075530283
20,-17.57024371484418
165,15.17308180755114
843,9.939681042402666
8892,16.79527127742378
784,24.402696339493254
9225,19.07133973865898
7391,47.88486398552028
5564,97.2753567782369
1446,2.2687544403715494
7222,2.3386372080592235
9141,9.309558956058885
9491,33.926004322476764
4138,41.801928799346214
583,-25.078895273540557
4381,13.33021460387886
3762,-7.8159463030152185
4111,12.927714704978714
5086,8.22061957114478
6571,32.008238578133266
9573,-1.5059838467250104
7934,-1.8790000079900284
1077,9.81593908745981
9,38.18922822416897
4847,111.17967676292001
8718,-3.4927737112006385
4120,30.11097876246278
8318,-2.5190856202235876
213,21.049088558779967
3870,-1.7948758408195926
6812,6.9224054968596915
429,1.4271874925564951
5495,-1.7524791945321356
8989,-6.101909715296745
2116,28.415619279119273
2704,255.71203403935905
615,78.9207007138514
2303,-78.23826649891745
5830,21.70596593422497
1072,3.762796560798269
2332,16.968336885707426
2423,-4.098511945846646
3205,13.805702018588887
5119,-37.5073868246801
9656,31.78526867249707
639,90.33756405323929
5143,14.018650548727333
5069,4.957619955876024
2190,7.657186405305571
4249,150.0886875181672
2725,4.249567915611572
3199,26.924132603911097
861,45.16966471925366
1389,19.041070151245137
2900,16.30095665900061
5613,6.140414865526824
6225,15.0169155885316
9519,5.642946345683451
5648,35.17046724748594
9560,16.937339922462158
8281,25.49546670475002
1636,44.631506409899494
6807,6.898089361237504
6547,8.18922292654576
6178,-12.978662434575034
5987,141.92423843796306
2117,3.702579913049373
1113,-4.130059183012384
1437,-17.567989715029245
9750,60.572852114011894
8062,27.75106236635664
8433,56.89456898494479
7604,7.4894411078460745
8712,2667.5447812824764
5073,58.02968329550407
5331,-23.01583713534009
8393,-51.32051769979895
7977,2.70377415364562
858,8.587930689772028
1246,-577.0009148489954
2601,2.371000092081153
2031,8.730894164852552
6615,11.840539776726775
3384,-14.005715849155056
178,-0.6359783371679713
1688,315.4427507589196
6989,5.359550747667228
647,166.51429782308452
4705,9.971847777394132
6210,-0.4108050593031309
225,30.502270927661403
7056,105.16597222578247
8709,2.5443931992500595
1206,3.2206881720291825
6278,-13.709262913064181
923,306.74768674396637
7032,26.052871116061425
7974,20.416049096676105
1931,-29.278634473433932
2254,-0.582418858017989
6275,-4.991621691949916
7557,21.14291091807561
7389,8.340815346160758
7620,33.75814991983711
8138,257.8251375163236
1542,0.9003738761767677
794,66.20161146165634
4782,-16.857464588543998
6113,53.631534721552725
298,3.255429859055423
9493,5.010491331682581
4787,6.824841980507566
1037,45.563315852180864
1575,95.1335081581079
8119,44.832045295527706
6457,-10.296512113842684
2355,-35.42020545730891
6945,-4.8869683267924495
7443,10.091292777323515
2564,13.431596507756272
9682,7.165505350585507
1336,10.664461705596654
3385,257.86932920823267
8296,-17.520441088896998
9240,70.18284646768804
3753,-55.68995793561074
3089,-22.175523749839694
3888,2.8506659383703457
6472,211.70741131058944
1633,-219.85843114527168
3447,7.297233347153601
824,-33.71789803043512
1886,12.307498993821675
2457,40.826372154344824
7789,261.4063822607079
3806,17.35577003824827
5546,5.846258919361928
2605,-47.02123572379629
5870,22.404827810306394
3952,37.650917434941206
9413,34.35975147398838
4362,-436.8293797985101
4324,-182.9326408066064
4609,10.467904454685302
1528,136.89296805971634
9463,16.139663825134548
3648,-273.6139604210042
9227,4.265828684265769
5494,7.852311314428584
7084,208.93441506738307
1743,-98.6107460553551
3571,-850.4287114847184
6102,21.799115237655904
9032,19.8039358783972
45,11.947249875125049
5766,-159.28434114201127
2128,-143.87975584456905
2701,120.13932347077409
7502,10.211576357614668
2908,8.899672225963513
9241,53.28972966483072
4617,14.587903725604077
5576,3.441726715324255
8621,-1.2245943017072551
4447,1.81255401121689
8084,9.585824856918922
3885,4.313935622704896
961,8.842085531601677
4918,10.277244724457965
100,4.6295412492218535
8476,5.78784685614541
2508,-2.806561582792681
6829,46.241057310940356
6634,23.194164090248986
7579,895.2654076580867
1084,6.55024642648241
1438,-52.36250527038933
1173,-9.709383777901778
3642,-6.640658859907607
2126,29.40438816371828
6782,-267.0564412526255
9426,22.41458147829513
1250,19.145111567738304
2359,9.80978970251266
4456,83.66100458704283
9101,13.953362149745276
9951,206.95083347889138
2633,64.29132700605822
3309,91.19238181567175
4005,-149.23254235026198
9421,65.17484389288923
7829,-4.526892240241535
5166,51.53075842067133
4588,-1.657322320180422
5348,-8.821085219064754
3256,19.50840231258555
4320,967.6468571372967
2675,9.905953652568652
5277,-4.739886445888223
2409,2.7238105601414198
8145,72.04539982440451
2479,5.603059770904663
5887,-161.31778444746536
3720,3.236603762139862
1955,7.065949963412713
2971,5.962250648792756
4226,26.73472621065658
6809,9.52335062148989
945,13.20377192123021
5800,11.270547144051335
8074,21.24878807623598
3699,22.497715136481325
1649,3.4103883745186696
3279,9.181056473860892
9530,-1.6669806301525425
7520,7.809823747491927
9843,2.962875736512819
2475,4.733274499611406
3236,10.91438167216072
7109,-97.2615964345368
188,45.00397458580404
6541,22.98241692184225
125,14.038479978764427
438,4.606551117492022
4691,-0.8671180948000965
7136,3.453128359159722
1731,-135.26697242862997
1321,27.59938111615702
2344,12.127385239018714
3456,1.0904037637175876
7260,16.234141813723973
655,32.12764134642025
5718,-138.3406080141337
3922,10.467312849288854
1050,-0.8424699894083595
4162,7.230500098811037
2777,17.814432084082224
1741,93.70957674794747
2597,-267.0564412526255
3892,-66.30363114189322
6781,-260.75575086796573
6438,24.056348600156245
1723,-148.19105047092953
9623,8.573402549283877
1382,5.920022169155145
8956,34.99626760139135
4885,265.3557876484043
6821,5.170938149641485
4317,142.9200094994041
8128,-167.290940901574
2463,-14.315220806202946
7241,110.1115860864004
7629,197.65306119497188
6830,4.992561337380194
5520,24.047185696276742
9942,9.579724646311549
3302,7.262773979918482
5154,42.96073774747423
4286,10.377529202172727
2389,42.07156192577331
8661,289.5005349388084
8606,-159.06925978094995
9521,8.893505733177916
4923,4.896460942452673
2786,-29.761081622084316
5060,-539.6096481657496
321,-430.7546003208221
9321,-6.957517777304025
4662,40.60344747867758
1711,6.0135407041767435
8216,27.943929409252387
1185,44.74115275143318
2672,84.28327099008138
6104,56.054565976398756
4319,3.092736621390255
7227,-12.91322660707653
503,9.954099495397092
5804,56.05331565562541
8022,-69.35722824615414
2015,0.6162060946971226
65,4.085294584088697
7419,-4.0553086137197605
6471,11.389288415923575
4210,36.36177594461236
4861,2.3629133743742887
9018,7.7946839657406155
3000,30.879983689476763
1032,169.88454604196858
5942,15.440749593179515
5172,30.076855657309533
4063,-8.695150647388427
2555,6.255465083608524
4089,200.43282881065184
8813,29.191078441701144
7070,-11.441070939408437
4191,19.502953385451963
7249,18.820233512175385
8601,34.0204132048881
1396,-1.681338060097084
1328,-37.60862309150602
1868,39.997759300137176
5891,14.825948166582574
2970,5.137139930936716
5344,21.12376898706616
33,4.238519472620719
4267,47.14462288079301
5559,26.118799825639393
6518,-32.11964404571094
4247,840.2330387431102
8304,-139.2594220274514
5084,44.25563176220435
2893,17.67480511059067
4667,-144.5447398927138
1742,11.521362137287952
4087,33.57280010890072
8871,31.671512729318156
1802,33.93696561112179
5278,19.308394096680374
4300,105.68977367377742
3024,2.6634160277740175
7396,10.246004275130463
1813,10.713627963064832
2994,-6.0987343931996225
2807,-0.5617974817792191
4240,-178.66950638125357
3197,-13.59948875667426
2708,-19.360883855060045
2958,39.141681594974045
8032,13.946389304910028
5587,8.07733408561633
2219,28.382037352676495
3580,12.442103651781467
7159,4.336293121507673
430,-26.366498678532338
1074,-537.2690713214715
8277,33.21303722372028
955,8.956300127221436
3037,-8.706778544142097
8951,14.371328789490462
4640,4.705563889534252
8636,16.73661165765376
2619,22.070418458640155
6094,33.02851589110602
2488,95.72145254745647
4108,6.403587682048794
3873,3.1943273604505595
3092,20.60653035508302
4062,7.42839800366772
3519,-11.858555596708458
6793,9.767115199038043
7711,32.96072232814962
815,-173.91267187119269
1959,2.9219160595856213
7132,0.3120416627213025
8489,110.01454957766661
1646,28.899181323990845
3940,-40.41960572027755
3630,34.910179908074205
7909,4.039836168436821
7923,-563.7199841620119
4573,34.99873458205076
74,-177.29139517617588
6937,43.46134051649079
5127,98.5659343157102
8584,35.146728093569585
3238,-1.7875533898056264
7174,258.4864987918474
5592,8.608349314187908
7284,3.5646090370868433
9966,-438.78622165280285
7759,0.8056246330020023
2164,-182.39896469901566
2500,8.79987346217859
2101,-49.2205808909657
2788,-17.92403630223135
4526,176.66910859294023
2897,6.343200027140801
7779,10.385666827002767
9179,16.44302349162708
4243,29.249898732320972
8745,0.7706530860105527
3113,32.99564184437932
6334,31.917927445164295
2843,25.7116992661472
6959,-11.775932758788322
6249,13.200826890193596
9989,17.040029818454457
1908,0.38660735995621953
2989,327.9433445927509
1677,13.086905317579179
3214,-10.382428808433467
9604,52.57020108328388
5334,19.033723950833277
5286,27.01864140093156
2335,-131.38023054775917
4212,14.622230001315666
2480,35.976509282150545
9526,12.123067056700497
4004,111.36837415064966
2073,20.97747335138539
4129,-0.4108050593031309
857,95.47212193707261
2720,158.7317746203481
6803,16.306845616459253
9853,251.31033105202528
8498,30.626783535868935
4440,18.916721399328296
8388,24.696277336328148
7764,-11.599508543093538
6468,59.95464070452216
1331,34.18057737227675
147,4.816354193010536
4296,31.456613094200158
3117,-70.97996283007271
5325,5.865435874894851
1607,16.050131624802116
783,2.314977949939874
4327,21.081063531453015
779,32.41289670616791
6700,-270.8090882491518
5955,-149.0690343003311
128,6.81395092006273
40,-184.29025970206894
5291,36.841397367081875
3584,-16.357348216429735
4399,33.48256849317188
323,-360.72559887174873
5393,44.11476162172602
2863,-12.217168993453841
3223,5.616413710831088
2632,-218.6628609560344
3900,11.72339606038106
9060,28.370470640782194
2640,62.134796951363924
6059,22.633725568878052
9914,12.933488461725915
7793,23.043270949778183
3034,15.9774329951085
8040,4.495914935015023
1044,1.7704969946512235
9054,10.246004275130463
7313,14.209016981894454
487,19.7985166601357
5737,0.7232944014346885
5188,44.231678791012556
7005,208.4366060027077
6740,10.441406854090323
8627,25.27241287805796
6495,-4.827466037459752
7931,57.542273390044876
9312,4.5994478689802865
6446,37.330078188390154
3646,33.1633119852134
3212,-6.645443530929409
1992,12.141981064931366
3785,22.29886132274401
9504,-17.55986396784575
5454,8.19156531234826
5037,341.05382699461023
484,58.867926763144176
9324,21.880498970411438
9897,-4.474118406393432
9326,87.50670684436281
7372,14.816654095502695
6688,38.93542931921988
272,7.371610819100911
6,-21.01522642479517
7526,7.867605629319191
1108,8.211416191453807
5298,37.437799033855114
6826,79.35992879080189
5504,41.6445510577754
2988,7.31980454298681
911,16.27955664027548
2805,13.620869891270944
1159,20.70335914377076
905,-139.84268361431043
8007,17.747171047737957
4902,11.000924375386196
4552,2.8529369039594457
4925,15.79437211573737
4989,16.532422486647974
6236,24.312832921046905
267,-181.14527944749815
1056,-1.551459351835072
1462,3.0892900895589683
1798,4.843525260605209
9393,13.633143104686567
6589,24.794236040350714
7850,5.466448250982244
3854,35.71736378703894
3102,-42.85577279991005
2547,26.799305006615455
6343,20.749600834387586
5557,135.57334575139217
90,216.64012734197874
4358,11.56443120630845
8078,108.21016162379344
3822,14.470771758148093
4239,-518.3207779464395
5814,134.30560008211373
483,48.64773837195512
3006,9.048468289138453
6088,-0.8488449965986905
2637,-9.624489944614126
4855,-19.340516106083502
1182,7.476659144679678
6081,-4.495042925165734
4179,-162.15073411728588
5082,7.233350939401961
2976,21.43116977254232
7899,13.723261302301168
8748,2.3616033180554625
7364,26.83185543940003
8517,3.2627750265028026
7984,23.848267054257384
1379,-3.609613352843267
8520,9.358199542891342
2476,8.756359271543083
436,6.284399813556581
1216,-8.272225656300215
4366,-35.98835191233523
8630,78.98599113556988
1644,1.864498233350385
5155,18.42285912615576
5884,22.57500385765292
9991,15.860365374766975
8088,362.92864687855604
9293,63.00779263135142
4100,9.768178262383644
8464,-147.44688109773693
8125,-86.61532814874734
8083,25.692924221408028
6926,46.162724408105376
9510,33.87818746266161
9013,1.9544924848839853
5347,10.190863193785745
4480,29.854297854824612
2374,25.719429128606727
2791,-8.803874981647375
4287,9.787207511636327
2272,2.219561456482139
6619,31.468205401366685
349,-775.7794308383952
9806,-517.8398051963462
3289,9.25281355996274
1737,114.33005263929394
1242,25.934996763756374
4439,70.95231946645107
7441,7.685440476291193
9418,17.681828181791104
7445,11.214693937482
2505,-180.97541518241243
5400,0.008234285283054754
7777,122.92186127011531
8306,-386.19225175387726
1879,4.336293121507673
7962,4.251085408582871
7140,3.9236135591823196
6208,40.14841175578259
5096,-105.48777850700826
9494,21.65095307681661
5653,10.101922980600529
9152,9.397872007545597
5008,-130.36979424580346
3727,-28.02689577372756
6262,7.439457948455445
2133,32.41510964859293
6600,19.445713903501776
7975,60.87104689722757
5643,-130.75652912797008
3040,9.830027913120368
2345,22.176489592970633
731,39.402942799743336
6669,12.28753183201173
2135,-18.33200056661594
3524,21.98977644730287
919,-14.030626356946291
9422,12.136810961456769
9120,1.1089576933652108
5192,-0.4871138257148453
3085,36.75251357204147
1221,31.52549152449643
2931,1.4577034209506803
8611,159.1188715142177
3858,6.973018471633015
8740,13.920661511137125
6048,39.76770968267716
9417,121.30486027392584
2485,-342.6066359718247
4105,-19.589832379023996
2329,33.74346523925628
7581,4.376305236080782
8210,-279.48897407121956
2410,-22.09488585335001
1714,-8.552324159635816
3550,75.12557958879907
6850,51.04314161569316
7860,214.53310584975623
4811,2.1459207207452993
3653,2.869415019565724
5727,-131.44315534064003
2840,351.313386998956
9698,1.487226829036326
3357,1.792915589778218
7437,20.773921004057645
5341,18.740146656418915
506,126.8031440429462
207,-19.508653852663564
8283,-68.55502414423154
2883,56.13748838171505
7757,6.977638131881227
1858,-2.6683898953657
2784,58.26394014394397
5683,63.479798451864426
8526,-206.44081946070577
7221,-4.979528903369475
1496,-5.1362845351590565
5469,6.323056506167822
199,16.90549453869489
9607,84.7013150322151
2535,11.929600500624709
8021,21.072600545294616
3407,860.6397977055415
9207,-152.88643015857141
7039,22.97577531205181
9662,-17.278332236045017
4014,-198.7492224419944
8854,37.8208123410002
2524,29.183200161311234
9419,12.767424425628565
1745,12.527167851058199
6626,20.136277089570758
7339,6.017275700436896
7020,35.458166827003815
4,6.139812801554747
3165,3.53705225869913
5773,-2.98484054535521
4254,6.284399813556581
3088,129.23326008536478
5812,-131.56378098028296
6677,0.18450720715623126
8254,3.7837382556878967
4520,429.2507307140872
3850,-17.91995042123203
9884,-178.2004978069393
2501,-27.761003133487947
1829,716.6987362081417
152,21.19285015656183
1156,76.47484177317611
4812,69.38558943339609
6583,112.65835893443071
9272,31.06624041259744
8238,-126.23751279405656
2647,6.003806034316808
7648,72.06849368657033
8264,24.20666320985061
6948,-0.7459979368860319
191,-371.08005553164907
5639,35.661986366004804
1175,-24.840336449211662
6469,33.59955100558844
947,-0.8501073520038396
3441,10.610139403960485
6491,40.20706562159441
9004,36.48961398778938
5789,14.05859898902911
3070,6.607054184434543
9924,31.39377282676093
5058,19.200110197953563
2011,51.18532548043538
6769,-9.780221051392495
3253,29.037702216620723
6151,16.7581199155727
7455,69.14035215189479
1556,17.42973637425902
3640,2.8643443293507036
5190,-14.780271109488146
8219,5.229535028759172
3170,34.74634716271556
9237,-164.93381683755084
3445,10.658312281819255
9474,4.518075423020597
2677,3.553356010625356
1176,93.51579900784128
1482,9.325833131822378
9953,39.986818158032655
3781,11.920465816906255
7888,72.37013188240053
1563,-6.322372231373409
3963,10.058426064496281
2823,8.079008658903547
5513,4.02874032488034
1915,30.231506434813546
426,-47.179808133277376
2182,-195.57745894880802
5448,-25.62524758080999
7060,-0.13158604456763068
5949,3.6728518199638387
8419,70.38165367842679
8622,0.10148615208787992
5688,21.304259645162965
7424,3.6665236448714595
5099,3.2436117194309144
3010,187.06672264553353
4370,38.36561016568355
1015,-7.603267368570568
4376,27.110604535957908
4733,-97.34006268673988
291,10.161055495049842
9034,38.71031610680838
7603,4.0684090525919245
2731,41.25541270798577
2184,21.78892690540296
5116,29.787132229913848
5905,-2.608186824864856
9021,5.967794293761039
9537,-0.4916164892808005
3707,36.72801112441816
9554,-32.53303488975616
4359,12.827488876001262
37,6.183177500695553
2414,4.327362191001648
6605,53.06311101493325
3466,-145.25793320181648
2446,1.582981679184301
7651,20.133891598863528
385,70.8601534453232
3303,-4.661020365020359
6620,78.28322768838011
4124,9.937464572613328
4420,57.40315171977421
4610,6.916379736130169
7038,40.17681576453584
9378,27.19235707524189
175,50.19685245044515
6696,-2.05621665522628
2588,5.832548169248382
8684,17.254265135696205
3480,128.46676161064772
4387,5.69362459364415
2298,13.266290306340032
311,0.9066440928907961
9310,6.612333044306151
1938,13.399350232060874
4547,8.091530443433525
8864,-26.648507177536548
6115,4.592741098566118
8154,19.636926217157505
734,-4.560627762137698
5308,104.32154137242989
5151,4.835191709704515
1841,4.907715828281747
9031,28.23215217840393
7173,42.49770157009801
4742,4.173411838392928
9318,-155.38428806763443
1776,677.5370665096883
856,30.310083573457902
2257,7.6039242282278225
9772,-2.133389882582626
7540,-4.693155702244402
4652,4.076952553781252
8081,6.783198988052117
7250,-14.976431342135697
4621,1.7258247434822813
6960,5.251095456522156
9242,21.66968069401665
1454,4.8540654209696825
9513,-12.978662434575034
8024,-380.4729415245821
7457,26.871072783417496
5749,17.53520064929212
5071,-4.42535680926689
3452,11.730811591902594
2763,86.48374221509494
2842,-0.1381901237789721
9839,126.616262396944
6932,4.4766156699511335
4951,-271.7716822586933
1423,21.930586922208036
755,93.03067099003061
2761,50.92995853245867
5968,5.195572326891005
1326,-427.2972320283164
8953,208.82699356163798
1181,-102.3688505458999
7326,144.88863038793252
2658,22.721630705500537
4099,77.10546041032012
3604,36.35910882391159
6476,18.417481821731226
6084,13.646219583287085
3416,3.5288844672876936
3645,2.587866663621409
2717,28.762180600504593
4990,2.959417116309146
6673,3.7954204775134768
5545,9.02219035727128
1468,13.872776531899154
8059,166.54129035619383
996,40.51241494541849
6459,-1.112380177659976
8809,42.31112244090062
6205,-89.29275936785966
243,61.59861516443368
2059,83.37267980350806
4748,14.235931919351003
1811,-2.775559796312203
9934,0.9170845088226995
8960,-22.599128411403917
4884,28.39626460237276
1337,762.3238416023042
4892,3.7925020402677396
9740,-313.4310020604808
335,2.971879429728178
6516,62.43637752401293
5907,-272.8603490310427
2220,0.9984369180689272
8250,-7.4548978993128046
9540,32.72329870856948
9341,-143.04790064973193
2354,74.4982756382619
8484,5.389975007179682
595,-3.725202521725002
2180,1.0516176963301473
5036,32.28624626059407
5703,-28.591054906058744
1929,1.2636801403603748
2571,39.20859196687296
864,2.025627598923118
7074,23.69429837428669
4968,27.203115732056464
2698,25.1873764703785
1625,28.12377417480336
2236,-18.68253079499089
5777,-204.80935530717946
7587,382.03555974967884
222,30.512207251988272
7219,27.275038392053496
5808,38.65589648661442
3470,14.297601108160649
1954,47.953195913457805
6051,10.7164709537091
3671,6.6556906051048665
1316,28.96351854867573
6567,7.8259273524545785
6603,-185.61919969904065
5780,46.222684543017024
7234,27.66291294919748
8557,22.628053299635994
5026,-55.47875803862688
5733,284.7542082988644
5690,25.06827364894738
2789,4.086030684612531
4188,-206.98780760990402
1774,29.477656673947433
3248,-631.7038646155756
1932,49.249739373200654
1433,12.573648133893759
4392,-188.68093984187132
3005,3.4128049979719783
1022,27.501831236876825
3168,-6.907933215569844
6544,41.001859036356024
2703,6.547987195851962
2915,14.240998052053673
6683,3.9771126207978282
9817,75.73423088048182
5502,15.944661732171525
4768,36.89895856367055
841,-3.740568658198921
5769,-226.14288129681412
4437,8.664246960288294
1073,22.36278647876022
3121,26.36580794577222
9900,9.924554647614556
3362,45.9324792438608
3965,5.195870499750383
1548,33.69558499649263
6002,-4.100050536747193
9524,-6.120141287071817
7693,23.896207752812728
7337,15.1012795072836
2339,33.48596943410067
6254,2.9345638737416304
5028,-2.8795551106941453
851,1.1585024074491426
5039,82.30167663884045
9346,-3.358880920102563
9181,-207.743233769096
2923,63.17106048226515
9088,19.684123454319767
5161,11.099879548159311
8174,11.445242705283395
6367,11.175343184029362
8478,-21.14053018789648
1783,25.87614186880255
3094,3.3322515534163895
3603,-1.9732437742879751
1555,-30.338581358586733
832,44.79954695844376
2664,-20.666275249422455
3477,29.830457731422708
4272,48.93815053012304
3914,-8.837568404557993
8880,23.925536245431477
3297,14.11018330569176
2435,5.872053266580613
1815,33.671646818422076
8033,-10.559748472988923
8328,45.854395911376194
4405,46.25665942415443
94,27.835708785664778
121,-13.068387297295336
915,-2.893056719836487
2160,74.22636744166
807,6.420064123387799
733,1.2955774240310673
9899,16.130564091615824
1207,17.6721916932482
9771,20.659479537708922
246,17.1239891800141
5321,51.74848860264135
3210,-9.615044273041484
2873,12.10067055968534
9266,-1.4521389293790419
4246,11.520989967075177
6733,65.39166475616145
6584,2.6820743124422766
1167,-55.554192054419374
8487,26.335452362421425
4669,1.0392357569097652
7761,-23.50129906709378
2924,0.40437497627122576
2860,94.05397863373463
5221,-85.03263646149068
6345,425.7814563525611
5497,0.5105669796781708
1700,-96.00145938687358
3717,393.9287896960513
7898,500.28187918513913
1823,11.093242308623138
1385,41.206849734479235
2326,2.6693914194882606
5511,82.06612418151612
7936,-8.065872736423717
8673,7.2759307982928725
3945,30.251940703929073
5410,-52.232231900243235
6917,-26.163205605719046
6355,-304.6416812405383
4854,3.018925570004267
9432,3.6748232584360214
8191,4.783491623699615
5845,-511.05783777682626
8846,-33.010142859679895
1788,21.529972490526525
2323,15.587068845282474
936,-3.3976863485935764
978,-473.58130383041697
8344,3.481142799902817
9598,17.204573996106884
6194,3.59519108010348
387,8.211416191453807
9290,-51.98648259372583
3802,71.5701345017093
4687,-158.37874257012703
7126,5.9043391803379395
6323,463.15714138748257
1209,17.75217915225003
8768,-328.6646685673381
8036,29.320622751076968
7246,-17.51368308827012
6801,101.17260340797525
5999,12.466663997583879
5776,81.55106790015961
5916,1.4036376737193546
1418,-286.6916913738613
57,17.62172448417675
3880,21.052285113659718
3075,-9.808506986412134
1202,14.669946321314585
6136,183.9961876307914
2794,116.41192356464795
5819,4.709674259121307
3140,24.166702692439458
8230,10.559365436236911
4491,0.0021650490771480957
8987,10.75839372658184
4677,-67.27503987211334
1399,8.939812920747205
585,-8.667477486177212
8575,4.376305236080782
6024,-14.059998538279553
6906,12.278970331873005
7243,1.747517127262202
6775,11.714456390976894
7423,-3.0288774793429347
3930,3.01015668302547
2151,41.84950854904671
6545,-25.87705118587676
2540,8.081481583034801
8852,106.29828890011882
3285,2.3152936987673978
8402,22.47659169937744
6365,45.365205330593035
3150,0.40206849955541796
826,292.88426769284604
9879,90.3028493064374
7327,5.491043029756342
2942,92.71606028908982
7383,-21.90127605199735
6971,46.01232923011521
1223,0.2794201900954675
9174,1.7836160416424018
4415,-184.57096135725283
3538,22.630097196441675
8802,9.791422007896948
6736,7.384030045086827
449,1.7245037248108708
1463,113.23898878784978
3736,15.023171766966366
9440,-136.19661891765054
3103,5.4241718618519945
7261,45.33311800376289
5176,30.68979403715139
6798,9.58699939911595
7915,14.499116032468224
1286,5.441333713458562
2268,29.355818446826277
7458,-4.017732277878842
7155,-175.4222593725509
1071,-4.560627762137698
7110,-8.087770090307208
7534,3.128587637091397
9842,208.97176944424706
941,44.27719048086924
3082,14.181999365633107
2719,-33.403786199653474
7468,26.517902540344206
1107,-147.44552913145765
9140,-69.94565003299229
5456,43.3379201027378
596,-78.50176662509014
9726,-150.0424266194911
9080,38.58869331429209
949,5.678233638526774
1234,8.744435069893344
6964,8.008650429616832
5627,20.305738220069145
1520,20.443575482631765
8914,14.541280489760776
1978,34.34743830468762
4766,73.83688300453832
7544,4.239510379197501
4223,22.869771304687852
5013,26.63094134287486
3689,148.08780814246745
8681,8.497224448575105
5022,31.333059177433633
2046,14.82945498494029
1489,7.4894411078460745
6320,2.4572371097760124
6213,-40.799194179032035
6408,4.301781348315047
1388,2.98652448360962
6835,52.92524433018528
5731,-361.618163406702
9552,48.975071670727544
1669,43.717922190548435
4619,98.28077672301492
1456,27.839253561563027
4081,10.96926725400121
8941,36.36338222315695
3141,12.328293182232493
1645,8.365519107494727
7633,53.128486931198346
6413,-17.186712719468854
854,8.228573913329075
7504,11.68622121002965
9311,-29.301376737309532
2820,-17.88006603422047
132,52.73676649578079
7472,-10.857869964901957
2506,29.375024852738328
9445,-2.513759220229713
2901,3.751350937030126
2662,19.971788910476455
6206,18.913928142243307
3073,-13.288870541095957
7069,83.97483502690618
7855,45.783134905703406
1678,46.78760617298077
2129,35.12296604235657
5476,3.56676515406957
6038,24.841883812373553
1882,87.58560118593469
3467,14.303266944353735
5674,73.82026172677772
3389,17.02555071434943
4065,8.244883892644635
6394,-106.22231077828965
4773,18.95703215198477
7819,-22.477106186535988
2828,130.18584182861136
9015,11.269291603885716
7729,21.439568457193594
1621,28.80004785955809
2997,149.73758754165297
6350,7.0216778271522715
7512,17.997822322367494
4810,54.50012339193884
6741,-7.076404893875509
6288,47.30284483274614
1779,2.0812672118484716
127,2.7731408992229634
6330,-0.06350054628072643
7863,2.484652210252079
1750,-13.377698764905343
4318,-0.27429846236046407
6941,33.070986196990084
497,-24.93754345463335
9717,8.637219099690416
9845,-211.066676483704
56,5.276494123714569
3594,1.3394787544125808
9866,-347.63723096845223
3974,3.104301667671452
8674,59.38644443428409
5782,17.39253671942216
8430,-4.136812127716508
9416,3.2114001635278235
2700,5.235285124422683
5762,12.035224337935777
6303,24.272741381347632
7251,14.814733075046407
366,-72.45197361034323
6654,-6.7860099243028955
6999,20.578878851338636
345,110.43456292457876
66,98.59223874185693
8178,145.47303966105326
3366,-7.672130229485208
8072,3.6302959801394223
1485,26.224706669892427
1952,52.155907759968244
8167,11.445242705283395
3472,0.7233679717834864
9986,9.72632917047441
7814,6.389574733461922
5840,24.446777103111685
5422,-5.397557541001322
4784,5.427857032438313
6629,18.263156922975032
6833,10.889591548759517
3983,1.5400383954640622
6417,7.9287404584126
3668,3.7559732332425706
7037,5.687258200231036
9160,49.98399215475771
5722,105.2726754698649
632,26.031565241733944
6517,34.68450859122957
9898,77.20209882442923
9495,-23.455861788921023
5918,77.61301555863076
5105,25.68846588466371
4653,28.89454607130358
3300,5.054187579789369
6201,10.273427302371257
549,282.78093382856423
8551,-177.41115689242739
7948,-23.66231250224527
660,23.624587399803524
4853,3.3322515534163895
2538,2.851409113814591
4277,-12.914890619030073
7841,-27.52053823826617
8013,-96.32863610679549
7097,7.615751001664912
190,36.920399995432824
3076,-29.53138147833456
9453,69.9523428487903
5585,14.746131083922704
9948,2.4176952001571523
3408,62.8099869082598
7562,147.5965021123918
4406,39.77057395438686
800,9.760965751591865
3410,-13.90389342878691
4980,-18.858108041398456
1343,13.83737069003671
8164,26.169381178281938
5702,2.971101248412541
6602,74.84338606432952
4413,33.309971936420474
8843,8.825004573033187
1585,6.357039706517985
5837,-135.62655197745948
7839,27.725021127456486
1911,5.575380561641266
8475,-13.739910289415311
2516,5.067148978457727
1338,2.6755154218432002
4354,10.489337900768422
6611,-18.633004872345488
5213,-5.7479819940551184
3813,-457.86416315861146
8450,48.92456632580267
6597,10.147843806564268
2822,24.53082259574319
8554,11.855711404200829
9874,-4.92033505602747
7133,15.11568983790129
2330,-68.40356009431456
2139,13.183723135190576
6806,16.970364608414457
1053,-169.3177560600408
5211,62.46140218954979
1672,25.9126658015757
5479,-3.455203346255688
5171,0.3857904989024889
1062,93.25258651126443
4870,160.08845247185604
825,-163.89671524349242
5306,47.855177068149196
374,77.6569728116069
6788,31.101338239614655
9492,-5.35949226432608
5928,15.487028255442397
8688,146.59475492625614
4828,13.656579758639655
7516,28.2259263794405
4225,25.34990252468376
5236,132.410662521616
2051,6.260476948339756
9723,10.665208627225827
35,11.619815235592826
9139,-5.649151856552181
8930,34.87434440812803
7355,12.424534235484947
9201,14.582071997537785
1329,-749.6387595868753
9502,16.605813771329984
553,1.5368785377748193
9895,-225.47691592820823
9180,-7.142209345068311
122,22.35633605556113
2377,-163.82064159510412
5835,-26.141607394806332
1278,7.6840282249890945
8553,50.175547636897285
7564,9.662546353725409
9323,-378.35154870704343
5005,11.410215042762664
5866,81.11106759317407
6082,-31.418445013320483
7183,6.976098997674924
3773,6.317051190783075
7964,6.640649536744295
7918,23.848267054257384
8308,13.896462241402595
154,18.94873209363432
228,65.1393631869316
5831,-4.369217606872679
1916,4.5466391006144065
2200,-122.50983268927854
2498,-6.256690538307093
5263,-0.6868603823891778
8027,-270.2965882605932
9765,8.9567949293664455
3552,65.55903418951002
6994,11.481763354880496
136,19.00578545121834
7287,-263.24793145586966
2434,7.633794247945314
6070,-6.283039648036663
928,-22.047017594109967
44,25.17995780460295
9119,147.42205279072934
9178,-78.12153905815191
1907,1.9484543410218549
9677,66.21303032110642
2063,39.79016702517633
514,-0.3030543493607689
458,-13.038259173234982
6318,42.53288155134021
1579,25.85519375867656
3252,-1.5971732536045873
7736,104.62822240077118
7051,-162.22332194085917
7045,63.96302312933217
9968,12.174256717022807
6377,-24.010048495608828
4964,-26.345891579294666
4948,-4.501030984560228
1658,29.468785804414587
8863,47.28600986898719
3406,93.65502140854774
5445,-274.8721372606722
7103,813.7373431501821
5940,-3.3997679707997888
5376,10.823665294627983
8003,-263.20618542225156
6645,6.6436858721246574
5168,-13.009297984395626
7447,36.66452794460392
8352,17.39739059389082
5515,14.031208323713777
1964,20.012486350394244
510,4.916755544607469
3230,14.895276896916519
5493,44.32887170136564
6409,48.74547665359478
6679,-0.27592317870917515
4360,-244.2700902915351
4214,-2.4850269965941716
9666,8.992257391583205
633,9.338156353961569
4006,-241.97079225094714
9569,16.129687105403683
2503,-3.104787929478725
2201,1.4060405270401046
5126,18.62203138683963
9646,1.9078001019787723
6047,12.90399425357149
1440,39.33209711976854
680,66.1115216631109
5478,32.651032602267996
9115,29.289243488983477
320,-4.560627762137698
347,39.08616695930056
2420,13.721180050413455
8368,491.8914099396329
9360,62.76634358840356
4829,17.810314264054952
7611,25.01870239635431
8177,40.29053579560471
3435,-137.5508294114102
4598,2.383910365154587
4843,50.77670482922805
9753,45.589638815830895
6943,12.19467771120785
1587,-1.6389837294634875
3290,-5.590410448408958
8966,-51.57746896228706
1664,30.986801038691315
6189,28.757754720058248
1970,-140.46588941064252
4273,-156.4171870676423
7958,22.06919758385612
8889,-16.082050363488438
9841,117.31926614763425
1507,1.4240678728192522
9649,19.02645226031514
721,-4.070462911362717
4430,112.67438447711594
6376,58.21216019720785
8358,15.040956701552586
1400,-134.72051398779323
1767,-26.279383757907713
1771,3.154605474486384
7838,7.4894411078460745
4177,40.609093285217554
6638,30.124434956575975
91,14.314693083513328
3333,-63.7148387795323
3393,6.152923668457633
7035,23.99250962102151
6963,16.287106199186276
8350,4.400883427597308
289,56.927061506987116
5969,3.7863103421138087
628,-199.41613354004002
2019,-29.01176347339481
7752,-1.5059814421293227
7368,2.078973492527797
4995,54.12826419492236
4023,164.8073615221988
6012,-530.0896266631166
6181,8.539566791066406
715,-18.68884947984873
7335,-47.04636162842599
9612,-24.254316240145897
5016,50.577511817758825
3786,955.501078189748
8746,33.214029800693496
386,22.6223625096148
4297,29.691512263289283
2052,-163.18540888806768
8038,10.146415400283336
7075,23.480895230092877
3627,-210.5477171476816
8902,19.62814040842973
2227,15.460169950531105
4574,10.996994773950064
1092,224.9236150181607
4152,0.0022385076023713896
6432,8.70276072638234
5055,-11.35295790205117
109,21.730560346916366
516,19.07133973865898
7691,3.009469476613748
2482,12.304254825014421
7065,-9.729312132627744
8415,-125.23990355993413
4017,269.5426871284976
2246,-0.2682945942169648
6344,1.9984264684939186
9452,-58.82072770485462
5319,24.801180728018593
8346,6.437668416011166
9358,14.300025827586481
9943,23.731393270825365
7150,-182.4487888002242
6762,63.45305365006644
7640,-5.164346330187186
7480,103.42827137255385
1488,-162.10445880614617
5294,40.28734208740632
1608,30.429280893124048
5699,-29.97374215406885
2885,7.561045753151353
3459,5.4041543304860165
6810,10.015379503524866
9202,44.46726355335829
3310,9.82276611703158
2392,4.213417954146513
9876,-17.721879044465346
5558,48.63959224740914
3700,11.903681377647104
5568,49.44287774535081
3657,33.57280010890072
7800,7.728561794782999
6618,-24.894839701095172
6988,43.788389393610025
3418,389.46894237742225
2452,-16.979748628291073
4531,24.622969089299154
4758,10.745906899324806
9941,-141.86972301212663
6763,13.76096451734799
2824,29.492245401270907
3087,5.705350413899731
4374,2.771298929075964
3015,8.042615122361946
5391,-0.6397215078879219
7178,-227.22361071562102
3840,-144.1311257988216
7653,8.64730885077271
2037,-0.8427351774001011
7989,2.6695290366822757
9975,-95.395439852725
7806,15.360620133703808
8834,9.257567203069792
8993,64.091309992141
4264,9.436833544238771
3754,7.657186405305571
8999,107.8690563800623
6784,16.6250516614002
703,84.39245070366158
5644,14.786604969997216
5671,1.346840635160642
775,2.734943743261268
7311,10.852265196866115
3237,22.93787088988772
7168,63.12699030538461
2815,25.97722820429545
8184,-21.558094439222106
6165,6.316026573283572
1464,21.1842479764088
405,180.47646671924542
7017,7.479428764453996
6841,14.913643860514828
6690,-208.71998097738995
791,4.452778726816406
8423,2.48011664262365
2278,70.70374773438553
1259,-12.992750497291023
5818,14.913643860514828
1801,4.843525260605209
5085,31.842514535370167
2387,-138.68245971194767
5608,0.4319107264119202
319,-73.37112170506332
3367,24.039016692871
1309,3.1856265421137246
3233,-36.88423546331584
7025,-7.796330983501049
4972,25.990056155740405
7722,-0.5143587395140694
8765,-8.642575103913103
7937,18.144078451698444
8542,-13.056139591540019
4187,-7.020648541264849
9923,25.378255655903295
7001,33.58916886655318
6163,1.847571374542469
9645,70.09855564875846
2961,-175.0509839457164
6822,10.623570931213175
3272,24.591657523180682
6149,-58.063871001352176
5199,26.052871116061425
7153,17.807649210040914
2341,67.48643029697992
8995,-2.358037416475236
6299,17.88070911745581
3909,-649.7958720186882
2624,-56.24142609625951
4198,18.75857794762824
13,21.689745757759084
2651,16.924744653325103
796,-5.193954035088469
913,5.25252989887382
9252,-3.6792865271357007
1778,24.237519261675015
8405,27.827569734460106
9470,17.825172186504652
5359,5.83300198840781
9889,-133.19807469560246
740,3.393131075970998
5180,9.911348885065825
3465,8.35957365024553
3332,65.96883039605925
5083,11.490409644698042
8700,-5.735113585541103
1045,-319.43954801545743
2453,0.9332302759647941
9036,17.81008322366893
4515,26.677683214979346
7342,2.9909368498104345
5439,37.665355622490786
8635,-141.45842267164772
4790,0.6950558883224056
8937,13.830370096059454
1896,1.1849629947448124
2806,4.886167421417081
6453,20.904484115187
5847,6.504991280040729
3590,4.838384531523197
5853,-126.35606838743595
4786,-175.93669233521678
957,-3.456910374605341
3721,15.284902825271589
6695,5.1834596257745
7771,26.08219537385419
1926,7.069748546292109
2841,-244.49558406561562
4146,60.56707756465687
4732,62.76634358840356
8770,9.090174904965053
9805,1.3948023747952396
3852,20.700060416736996
7519,-27.884513432979567
9910,11.126196945789022
765,24.5291881229805
7170,5.221407332790457
7599,15.514123063893587
9053,-328.6834203092574
8132,2.4200264801792444
1267,12.348418834622297
8853,21.794319365902783
5059,20.914674076611433
3286,5.123869501126398
3649,12.584095122139056
2607,49.67373542306776
4851,-0.7457687237044031
7872,-1.5503851537334072
1085,38.57311605503846
4329,9.404055782993165
3412,-76.19055410623895
5398,8.355712852811482
5018,416.19761437120223
9471,4.870840763970512
1141,66.62453851533408
9597,46.70243351496043
5007,-8.657770044170443
5797,37.67940998262184
1124,-160.99696759363744
9714,48.73322694599918
5813,20.58168389037964
4883,28.745862472536167
7210,28.459652320649514
7657,15.67452375356888
6451,6.629860721971888
4500,15.108897976649159
5594,64.87197584014221
7162,2.5927378834909227
8181,30.140717961556422
3714,8.826836206739614
8572,35.83318377178032
7745,14.11133782538663
4140,65.77239810947638
1017,8.701797672139612
1732,-315.85632818641136
9729,151.73011243234367
5974,27.940518522932564
4730,0.8731331467491641
7614,0.7277395197287079
9355,7.291536059172408
6804,-261.6590292828988
839,-76.07924775899116
8974,3.5565144532366033
7628,4.647561217144149
260,72.99465332110698
6264,11.093282747284624
24,7.476335027519873
9796,121.45752596263755
8331,14.106486478075949
3747,4.093097197445884
8037,-1.6143972274986833
3319,5.632896424832365
3288,108.36842147689036
8294,13.892784132934139
479,9.202212386230665
8312,-715.8675437076557
6681,20.206813115041637
4315,1.834428008511808
8665,-88.55233040269349
4076,5.826467246465643
2206,143.20601683182997
1189,2.397698131006206
6423,42.96764390674201
9931,-156.96405027506515
4644,33.18434617107878
1426,6.567234613194131
924,15.403261915559385
1897,-2.9205159521113635
3446,34.925632763277235
4761,-245.66473760837135
6407,49.84893088737386
6800,2.958581485696543
511,62.26838103628681
9424,16.829141819500634
3404,5.348149909126596
5851,22.451768951295957
8169,2.58242627313306
4093,31.223724662304736
1188,7.360839496080299
3729,20.413826436956533
5046,65.97351130470128
4901,-1.3435804979163886
6542,-27.531511377331903
7924,2384.2213061773614
5337,-1.1359371227624457
5053,9.711017009178246
3348,8.682741643966144
7122,39.3922085747845
5453,-4.047028719739027
984,84.24032668789263
6148,68.04773965012875
1630,13.080394055392008
7646,8.97338094709337
6214,29.457982423715286
8259,-356.9693650467928
9745,118.49004335693306
1270,29.210820357087837
3797,0.5661274070018432
6624,4.761693809262265
5232,-19.72584138726148
8648,10.678266937050019
7878,13.355166654180183
4837,-66.35359310748166
8108,41.41667008369235
170,42.92132714389568
9664,-1.9456189493952862
5169,-113.6077514517869
2040,-3.32634420438368
880,88.53341382454585
7836,-4.280767930797893
6068,-160.70771582233309
8544,33.28054879329814
1253,10.588831411120047
3853,40.02990981351131
3902,7.33143920884932
9919,58.55804899686869
9626,14.695648881737077
5074,4.885492465473941
6663,141.1596425508268
3098,115.42496847627572
6939,3.833933154264328
7033,-18.997722381572025
6160,12.328293182232493
4446,516.0845430687282
6562,15.17308180755114
8780,-0.43329436297503054
899,14.374397973231808
8640,41.927235949354284
2812,2.0909835889381427
7130,11.844166285009305
4021,-204.6875043095021
2827,-0.9762072721935465
6879,-5.367349620615871
9299,18.870511192435128
1899,9.447352322515737
3710,30.085583332517263
3827,5.979069293417801
4913,-0.17632004385695554
5269,4.996436677932941
4011,34.93760773070781
6142,55.654853782944414
9568,0.894148279771307
2249,13.038981880431804
2565,50.02196506539722
6105,-54.10462050297485
1875,-3.7782915647398996
2113,12.167944676812711
2634,25.81783726501228
5187,29.997437242115957
6150,22.507762766503035
9215,2.343627781820957
3767,14.036299132592113
4305,-5.707909968747538
7401,-549.4190214384671
3808,-39.02160380365457
5900,-3.1579012668909807
9173,2.144395019125124
2683,8.9483953883269
5262,-164.01876167795496
8708,4.721852237993213
6927,29.177839925274107
6844,12.243836908300903
6555,3.4752265848131
8767,45.924356534712985
4985,9.954099495397092
7788,22.605368286290247
8201,8.342865629631435
6549,-1.4745661594358348
9911,23.17195712134117
1268,63.51412243507598
500,15.528873115111423
728,12.584369117977994
1998,34.72975417742976
767,-7.188165949133191
3676,28.67402204960343
6287,14.311290525380672
7306,32.34588446310229
2263,313.4479783222641
1421,1.8674619613482073
2595,-4.102974556873553
4729,9.997111912702934
4298,95.50293722358646
5579,23.917564402359055
2062,-5.516264959023935
3269,-14.91867633314152
4398,-13.133206927699701
1690,7.170368230990455
9965,2.195427373090772
8840,-12.233783054110555
7080,4.713143121466665
1241,22.383046756405626
7009,5.4579483767345796
9069,56.57247435887373
1393,6.928344353119133
8442,-27.38979035070298
3186,-335.81745267576525
8580,3.6839980430054053
4386,1.374333450849138
1180,16.235263119691496
5632,64.72365266928637
692,9.374562458427215
8764,3.8975253202826603
3235,3.6721280490925547
3744,-60.12499542208299
834,17.00015580719774
80,-25.747677813721634
9339,-27.12583084423133
3588,36.39046389721301
3733,54.96993911795236
5923,4.091215161470734
6240,3.174252995638071
1973,-30.229430745751394
3096,4.919653724319427
9703,145.92099767601638
7613,-46.81859177846895
7131,2.8427735524385676
8754,10.99890425980103
9563,16.422821688273228
727,19.850528080212367
2656,28.035717598035504
5742,2.897941395820688
744,2.3660489759028644
4303,23.98719713132459
7453,-1.4794556263239667
4605,9.550998627822153
5948,10.476476476134373
5934,11.473876922780635
4611,84.21298367030307
7067,2.0389006537896464
372,3.246048544739823
8482,29.775189315909152
8891,12.139369021858872
8058,8.572649554022508
5678,6.471585179434788
2170,26.8293356754439
2676,8.930079494933622
5945,22.62238048521855
3039,21.697941825725223
444,-10.057471303636405
2152,23.514906224730577
6647,5.9492578525416935
1319,197.0333576502314
5967,-24.51037928390314
2766,0.8910207797706416
2016,3.6748232584360214
3792,-20.510719428263126
7725,20.183357138876914
8066,207.10940207891912
4750,21.586290557695058
2191,23.43780833684884
3990,-68.94405200729875
3479,-5.085573964312648
9686,24.211592635532696
6993,35.10576311057876
5429,9.006548405084859
7704,37.693181484509
363,28.707162152135467
1933,45.323146304136856
3521,-30.732656117779733
9827,26.96894742026735
7387,5.235413040923035
2322,28.87657391398923
3706,116.22503253069101
5475,25.30530888201565
9137,33.26551432139722
1240,2.343627781820957
4050,29.244446215843393
7638,41.30121748359373
7367,-1.445078834537112
424,-5.809037846967648
4232,34.38447774769652
7184,2.2605435425218054
3464,12.337726412136622
3525,11.48730493087535
4746,10.689055314047868
26,11.301631529510653
4767,-152.46177832174848
1483,17.717698385277153
1193,-2.3222434718836777
3296,34.664077481125545
5833,16.238872635546247
262,50.42541040833118
6361,-2.7932327196753857
118,145.99355625378672
979,-181.24955696284195
1939,17.646205947216796
7510,-55.93460004220981
4655,2.857422784942921
5651,8.009972192744739
2130,-189.12487459455548
6852,-15.89612265175538
4647,26.950636807160162
3879,11.473876922780635
3620,48.22368857826751
9681,23.95488177898131
677,11.543631464530847
9218,147.97217074820782
6892,24.462096040600017
2172,-50.8592027240735
9641,2.2797114862002683
8525,11.035467999474502
5014,29.149453577707373
6277,10.619851442050066
4330,-12.679303342244873
9112,12.480836209979753
7662,-0.8627149195719892
148,19.684123454319767
809,11.781438819395884
5246,9.742763206316774
1014,121.46990694672584
6056,65.37651757848276
5307,58.660521250813616
2147,-173.04743633803594
7493,-14.892921197527011
4952,8.9771777765238
1444,7.067690889364661
3134,8.153044736648027
7255,-13.606927850828692
2274,-1.2622848257568273
5856,15.414843120998853
6328,4.193369795661775
7708,53.829461506002964
4383,128.36655034421193
4238,5.418326233172479
7143,4.2207880825329385
901,-0.4474315570346319
8260,-413.89575450811043
9920,23.881904727980313
9068,125.87232161735952
6838,-74.09742258035192
6849,-40.749689993575736
6748,-3.709963911885932
2422,-3.9547891232723424
2293,95.37155391693992
6347,9.954088146290129
4879,29.288681224762858
566,38.1178119617587
7812,111.41482011626623
5971,-0.1942545177719397
7340,25.14637198573545
8546,22.93007102515437
406,4.55046098578224
7055,10.126484631086463
8909,0.9727013738779449
1752,826.532869074992
4710,-45.18764664374945
9497,6.566050937178343
5115,5.239497496318018
9736,16.571783020079106
6674,-425.57602399001155
3810,29.534106941663754
5012,6.717451853157813
572,-360.41504376750623
274,4.845985024668767
6734,-2.503062234224694
3143,1.463466413983062
9003,12.35160773038707
593,-3.048784416482908
8693,-162.76350955233147
8220,28.525840723367963
6046,17.75456040478771
6305,-163.02167650852826
3725,-107.69982705789202
6346,-222.54675883134573
3901,26.36227592245859
7300,22.316172865452415
6442,8.723287311565116
2243,-2.151767789862608
9217,-11.418929996941033
5548,349.66658916782177
7374,23.539470232194127
7591,9.121195365496394
2702,1.9875902840618287
7275,5.581696687463692
1366,-3.376925476787347
8001,21.471029853171594
5030,48.71630280004418
6921,9.954028143553243
5919,4.943783846440657
6632,-157.98641790638766
63,31.452288501862306
831,5.222464073556979
1883,125.92657193299442
9375,52.987427431675684
5972,354.8603648536692
1094,97.7459894285495
7479,-187.94803588274277
1357,14.67725445641473
1599,-1.4622633567647902
6335,5.645197265046503
5850,59.735256937259386
2636,6.747439650959433
2023,-121.13088687720698
5606,27.826024101613548
9773,8.916840688500084
1826,-4.165562690179162
4504,-160.77923196061556
664,7.8116630090786074
909,46.375005965689596
194,11.810300590340116
7556,7.354984266274442
1179,1.8954934722170247
6537,-13.962954841476652
9719,11.263985744413127
8922,-357.896118906227
5117,59.896437366446015
5354,7.000035014258044
7281,113.60231531052334
9735,2.696858814645241
4654,8.63372432284171
8861,2.197656434573318
1534,7.688025053292275
3159,1.2334736013480803
4126,9.468640590359058
2380,4.597735108746987
7514,5.581985148768396
457,-1.1346403092297734
2969,64.41630773124305
674,124.73764093681174
8786,28.99764142625698
1995,20.543106036523437
2003,-232.69643989864628
2415,37.682477529031964
7181,8.5761492608417
9484,-46.92447664305583
308,5.705510773835608
8307,-15.382252219986352
9621,-135.35252053888328
504,28.739681447878123
3931,34.27714343522591
8644,11.30936605914256
5958,-577.8968032218061
4747,-109.93621997886882
2920,10.848262563228925
9667,10.187563793499766
4378,10.951819112070112
6049,76.74292354703802
6536,137.1129163246814
3504,5.886264074348388
977,5.667088794342062
6338,71.41884025041833
4739,-287.925757389403
5201,-271.2992845659053
8952,-157.48774118210673
5689,9.204060883851067
7902,-399.19011284301325
1351,14.00231171999274
7588,5.389768181467552
3938,-66.39482110899851
1126,9.859587727447046
3448,22.982400858329754
3745,21.2885005001718
2221,11.221553055988387
8287,-3.2587899083695895
5242,13.823647733263652
720,25.275849596618023
4713,5.200738236671944
3277,90.92159060397475
2635,-18.22615315927469
7403,5.309206667950215
3677,5.1004719616701575
7392,464.62958679834304
7811,11.987410921301914
4942,-44.688081069245555
1683,-185.57217472467403
609,8.26643594816847
1565,-26.70606116283156
1727,157.43919136279933
8113,68.16776545773061
7941,-141.78657341448178
8221,6.039489986878098
9411,40.23040139379734
210,5.94700788877877
3402,4.209600881739301
3421,-88.75108968594012
4645,46.278490202107164
7773,11.595613671096588
1887,6.1160925445790095
9955,9.817197289814123
9052,27.483651691592193
7459,-126.75950959760166
6976,198.6016810904376
8654,34.672638635293254
1574,7.81261002182808
7006,-141.6363897421808
9993,5.403753554934472
3390,26.66231317193849
9498,64.44578500386937
4570,3.356241264495339
2149,107.01999499692681
2077,-67.44322904856733
9352,27.758955758059145
5312,75.02472053305591
1473,12.544019180103621
8116,-77.07775371076774
6723,167.30908237440633
6359,215.17030555091515
9732,103.08757896857239
7716,16.495697274863538
580,115.77054761117402
9114,32.599025379595716
2197,-5.8027932900684505
2525,-203.39544553325544
10,1.7468010544262491
7535,22.46826245102681
771,-2.2512457664991934
9284,0.8457830069147567
3704,18.467304579311744
2844,32.86287726844956
468,-23.99160359604399
440,250.57833209007805
3760,-205.7952337907579
9219,-13.73803552974774
2868,-31.046749602569264
7783,-18.94129073049923
1830,45.054929964999644
14,239.57298391407073
7214,5.414970795735751
1308,-2.083102158264458
5177,12.159565966838537
2226,-18.1021484804833
9609,39.79504679287701
3043,-1.8915246273486144
9940,18.671123357498814
8835,24.842645388358697
3245,53.81894697359213
6230,30.555978650409376
1753,5.2401396691178075
2102,145.8835372863566
5304,-2.119421694381763
6486,-165.39123979183228
354,38.06060521365885
1787,15.525709689547476
6487,38.32683862586243
5465,6.2461211818531694
7695,10.625437549780441
6950,33.42082135274008
5514,16.338666653471513
8817,-57.69907040798821
4706,-104.05855558147498
