id,attrition_flag
3005,0.010354493188667168
143,0.9045481790692855
5508,0.009184886378353954
6474,0.006955538700190413
9784,0.014115078812990414
3615,0.011686209026320211
1146,0.00819184165209629
9014,0.007475343612801622
5893,0.019936101580279367
6095,0.02221221409806345
7048,0.9046730093798794
8010,0.018402067395794888
5377,0.008400962907143567
6609,0.007449894482722155
9076,0.01619436028744987
8179,0.978581602456037
5559,0.05207541212987408
5151,0.007970963783538745
2186,0.7167729605329102
4801,0.009553096684806483
320,0.007651999841696995
8661,0.9664990182813071
5103,0.008092896806846413
5178,0.8616545749624269
6963,0.007811185588128631
4594,0.0077005910038091185
9702,0.9430360849598314
116,0.007294578560168221
1958,0.009284079621633983
9577,0.012953221151204397
820,0.007566403328878145
1544,0.007560506995661374
9175,0.8587170224924583
4672,0.9534814906638306
9007,0.00801654471332755
757,0.007522742994914626
85,0.0071548012683326865
3721,0.0070210202813121856
8624,0.007546579140419498
5666,0.013074872565447279
2866,0.0075249693202683945
1915,0.006877901993718344
3922,0.0069418228092547
1763,0.011981567792695998
6042,0.007034268214141635
6805,0.007943840113812765
7155,0.0077018127729388255
7017,0.008551209312732943
5200,0.008576764971274948
2716,0.007674449877304218
5095,0.007763851245454711
8818,0.008998732731258887
1658,0.00721570353488661
7390,0.0081930775750293
9924,0.97439825840589
10032,0.011897757435965741
5239,0.013730858770179107
8211,0.9301900110603429
5236,0.9454221259206061
1707,0.9807374993117615
5466,0.008158222606279781
4421,0.011827422687440822
3700,0.006853890068128825
7599,0.008567611131156982
950,0.006976209990434154
8831,0.008308980582538983
2944,0.007747047401217241
6015,0.007554885538671021
4975,0.007741669137842101
8973,0.9417621961117705
742,0.007375694658213609
7094,0.007058326002308387
5506,0.013266775715508479
7533,0.007758245315273787
7085,0.009967277450614584
1862,0.008527384316004269
7072,0.01594573962492604
843,0.009538895005901804
4144,0.7237913738038259
5349,0.9392786733275329
604,0.010124497234991335
9918,0.007729383485975111
7763,0.00910006482424753
9483,0.0075771685456004385
8627,0.008134842671780267
4228,0.010381787494057207
5443,0.6586322104097763
8534,0.007821948568100997
4075,0.00995397249986992
1609,0.008485855918530287
1792,0.05853371139031913
2527,0.9633527466552093
5925,0.00947751360748678
7509,0.008417253204321191
8842,0.012333997380311363
4137,0.009526360380372247
7997,0.007158855906313291
6954,0.009609719992263802
5298,0.009687925269539327
9856,0.011244544122739336
5357,0.012360843770563389
3739,0.007314240895161182
3622,0.904745794291184
905,0.007253863347654698
7960,0.9694704012897541
3041,0.00897643888037664
7421,0.013661190819359697
6742,0.007705648206280795
8273,0.007267309925535055
6425,0.00712163275083008
10099,0.006905105137468666
238,0.01442207144753549
5339,0.013662752084430789
3506,0.008570560318141521
8330,0.009474336456184939
1427,0.007703145881815228
4595,0.008529668773206307
376,0.007282704159686734
7376,0.00882211657374796
6507,0.010426326259407235
5006,0.008180660407224073
8987,0.010648477060445274
2179,0.015463322017266655
3253,0.007486115958707639
5664,0.011024639198217799
3489,0.00958507879685282
7734,0.007651175513939335
8280,0.00936624645361893
5663,0.008312246690121608
1986,0.07135515940897749
1106,0.9827039940360826
2858,0.006857432811623863
8136,0.01680234286746307
1280,0.006921638110927247
7223,0.008761848038901066
776,0.015664103857284697
3957,0.006797208680713133
6277,0.06145184017676116
1902,0.007209078716555679
2257,0.981049274389823
9876,0.0076403601675355745
3709,0.007417297913594244
4618,0.0078153058795178
6648,0.007958541619296867
4630,0.006857329726932442
832,0.010422687353096883
4586,0.007906992705081899
8438,0.011530558201122674
4065,0.008939997369859223
3553,0.973267807830305
2519,0.00702325826874705
3072,0.21642233241997666
6444,0.007002552348749727
7231,0.007808230648078794
8879,0.9793104092168899
5749,0.009461163885766058
4132,0.007497875695629122
738,0.00689192720821882
3194,0.010646558228290172
6814,0.983356164633138
7043,0.07120073723570836
4860,0.9723873711778753
3346,0.0071237816175441756
420,0.9765428785228725
277,0.009879041337175466
5738,0.007459644159543327
9368,0.007442697834148499
7338,0.00784524488061487
5012,0.0076639276366317725
98,0.9843453242868431
8491,0.01145779202258088
2008,0.008764737163015738
8209,0.006929542432647662
5513,0.026874441328021588
2476,0.007922075163253847
4232,0.009887812262000889
2715,0.007228625706627358
6261,0.007849763248480532
2610,0.03218056603067933
7992,0.009141368773767096
2256,0.015287940633772775
1497,0.9537196999405299
4423,0.9848949294879701
4053,0.007317168855947779
8857,0.007952452741070485
5808,0.006941113130841956
9606,0.008231610921320706
3524,0.008739583315421164
5576,0.11111530439520996
6000,0.9867021039100001
1122,0.007310215146594202
8686,0.008485203876971199
6554,0.008299825945613107
3389,0.009157720100127704
4951,0.048172066740244573
4615,0.007419316551209198
10048,0.007547974167797057
2532,0.007503423479511837
10025,0.967156147649783
7301,0.012773683699680483
9253,0.020363872575354103
3982,0.007013736832693863
6432,0.00851683766885161
402,0.009673959015230313
1277,0.008265741439695645
3997,0.011544737372756245
9727,0.9869036305839648
6256,0.10659397997145303
4739,0.023712388199903962
9061,0.017165617419689645
4000,0.0173922959061138
5993,0.008330968801115191
525,0.007077967899118853
4148,0.00786260145256415
8810,0.9800278609485311
8865,0.008562325380574293
8373,0.008009111815627776
2867,0.007265396892612955
8889,0.009676211916656454
4004,0.011580075669712479
1174,0.011822226575375488
4112,0.9840244636277367
2597,0.006929171439282058
1018,0.1639359111802689
1954,0.9533938756354974
8430,0.009144054493836946
87,0.007261288672580125
9748,0.010894165432338936
7588,0.0076793592928001
3871,0.00978174446037423
7682,0.007872335712724594
7126,0.006969913248403457
10083,0.009355980337206143
4493,0.9872845955756242
2125,0.007086542871353563
2644,0.017262104870215237
8595,0.007506604689533714
29,0.05768130537505196
1245,0.9851086685446363
5432,0.007121236044419325
7831,0.007129599849664795
8264,0.007595206293457361
1980,0.009286903994137861
4738,0.007434416951234339
6568,0.007345646830230355
30,0.011272601436893973
4765,0.007740349680618185
9010,0.0069354446838265915
1056,0.010300846225925201
10049,0.0069295843658363715
8655,0.009936025803047498
9811,0.1111465108240388
780,0.9760877632306287
9717,0.01583625053629837
9564,0.0075667957955081215
8928,0.00742577634944435
1639,0.007472827004748195
5390,0.011326692493930443
3008,0.8256262692874735
4067,0.008112896879448614
7302,0.007844673707684631
5434,0.9864977665109325
8246,0.021939149192933445
7995,0.012002859098109645
7895,0.010871316929423818
9608,0.007530804084405229
5424,0.8296305816100542
242,0.007790903543693222
6511,0.982863989737945
220,0.018302957507070568
2986,0.007116319402410939
469,0.022082763380577228
1088,0.007711919159568873
8756,0.008732816814797503
8081,0.009199693358977787
1944,0.008633128842292684
6882,0.00907219983617199
866,0.9699737172061123
466,0.8960666815792359
4058,0.008501884293347651
5264,0.008577280573651268
6305,0.9868390573150387
4185,0.015920328461611788
4008,0.009110434925627122
6514,0.007329191852907429
1678,0.007835430962092797
3906,0.00937345190093795
3487,0.008228848821908415
1964,0.026526571746324074
9470,0.4008658425532458
4028,0.007982808753748967
2552,0.0073300762738175065
9771,0.007138008468449263
5949,0.009601453675372029
1384,0.007548919404940024
2012,0.9842023993556271
5550,0.0075119708221597775
8196,0.007179985229335472
2604,0.007258284527078498
9554,0.01002576619117675
9018,0.006950132872737333
6913,0.9715931608556683
1372,0.00801655531793323
7434,0.008801817349210931
8247,0.006995398631824989
1421,0.011492504758943874
9639,0.014674602659820462
873,0.015292177644994206
7408,0.00742484544269044
7752,0.009318179893495027
3167,0.009864786441556327
6266,0.010227207272376679
2775,0.007147219882854228
2484,0.007773249238878506
4958,0.007106451081040974
8989,0.007784873586485837
9770,0.00845855198521948
5017,0.007636925637282574
6962,0.007104584942297655
10067,0.0077583650136603685
7016,0.9718232141709717
7067,0.007504742948378401
8178,0.01646804457685234
8813,0.05988809964630732
5838,0.0072470511158152584
6052,0.00830150894257299
7011,0.05268339353058882
1741,0.0143536102551081
7880,0.00691865441609455
4427,0.011292537820790623
78,0.010147704147635711
5241,0.009119898627669352
4904,0.009134823475097325
8586,0.008387051123811131
2985,0.009075362228689253
7820,0.9851939236390216
3751,0.007632829887071938
9050,0.008585067289829787
7578,0.8968718238477901
9001,0.9810686604344699
2033,0.007248143366959609
5675,0.9801585461510467
2124,0.013087350802533631
4119,0.059065365905674995
7441,0.007974166759843315
3195,0.00739248265810413
5396,0.006951240181666261
919,0.008305654509754153
204,0.013508935908112215
9664,0.010401532958098245
5079,0.007083759759394735
6542,0.4045781342547523
444,0.0081185580229223165
7989,0.9827937095577695
3504,0.007500966270943134
6998,0.007130065109703847
8097,0.01407114111028001
7463,0.007232478339467084
7249,0.007148391658581683
5473,0.008689636652682074
9239,0.0078680867548861
883,0.46561864716391044
8763,0.007587388254004267
6194,0.009327628996496745
3885,0.006925513012147662
8440,0.007847536071177488
2021,0.007115424892268766
7439,0.011894356472942406
9399,0.009521660137285944
5376,0.00819242656105354
4680,0.007826979311411216
5801,0.9764148717384474
9836,0.0073601332511609935
1519,0.007472226883757424
700,0.013167854386443422
3317,0.008361425297595714
3571,0.007399432635862623
94,0.010902292424413831
5139,0.01612089783982367
1008,0.009772285431341926
9016,0.00758230266012672
7993,0.0070583619885320305
7916,0.00923380515678896
2403,0.007840832880421141
2328,0.23164115539443264
7620,0.01522015411898452
2599,0.22595843780843375
7892,0.007838273999592981
6892,0.008239268361826839
2275,0.9832683098546114
6736,0.007616049554543219
7080,0.02414966530890471
1329,0.008109676490972507
8518,0.008770436331180607
9589,0.0073295251995179975
1585,0.006965221359366872
3223,0.012971466162087063
240,0.012292020617546553
9079,0.007232023202115185
5986,0.006955333511367901
7348,0.012266217165152974
5492,0.022056616553147387
685,0.007899964822712036
8401,0.023387525907602996
6001,0.015505943155399621
8213,0.008493050046164513
8744,0.015105264398727026
1282,0.007314731041386959
2076,0.007389776795976998
5283,0.006990190820557514
6211,0.009752441245499888
3067,0.007626124755913721
6662,0.007097175214704183
2258,0.9834518587354949
4634,0.007866942021848717
3209,0.009524916761065523
8824,0.00802024446975279
8407,0.007134447797532713
1089,0.006909905876983544
9056,0.008820014823696804
7448,0.9823689794401814
9837,0.009878675415876784
8090,0.007897835169406283
9890,0.9874006742709894
7394,0.0075567820347705655
7133,0.9773276920293915
7197,0.007152676935411303
7028,0.009740526931076882
4032,0.010858368968415221
4923,0.04873820355635139
7674,0.008056204082711793
586,0.006913090030638442
4230,0.053671663246301
9217,0.008552684076535387
450,0.013286870964078962
197,0.035057605399729845
1158,0.9818041720278989
9949,0.007526190270794356
1892,0.010981373618426483
5944,0.9833867658890495
6210,0.01078802134257182
7364,0.015870112019334588
8742,0.9683400333812003
2636,0.007570873431529492
2309,0.009375500194427623
705,0.01208416083046085
3230,0.009113173122512232
6891,0.016624706706435313
1788,0.9845228972402026
1196,0.014052879091019124
7,0.008218148503296913
6577,0.008802106817596841
1702,0.029764222011723032
4994,0.012068388642446132
2548,0.009865245810043223
5399,0.007519024144792356
3,0.008151933500214295
3815,0.013407316483413761
9724,0.008113077111985017
5358,0.0075983861787452
1947,0.023129774760313575
9481,0.00868452188545124
4681,0.007433178336947332
9670,0.007688371273036222
5645,0.9858294497694922
6598,0.019784957105027187
3174,0.008118650452229446
1239,0.007035830434368611
649,0.016975341790349905
8212,0.009875763733638304
975,0.010169165646725143
6644,0.007045740543226666
2355,0.01734847822974966
4474,0.021407220890412876
2473,0.011585526995114538
2045,0.0078476395344277
7299,0.8235058179427377
9441,0.0238387343812073
590,0.05978451294408055
315,0.9538403827615274
4670,0.006943907080433911
295,0.007669955760704848
2786,0.978467957815343
7929,0.009167991455235761
5014,0.9645057032086223
4490,0.11903644875973236
1808,0.007549976842298909
5603,0.008283641798049102
7465,0.009246910109361272
3958,0.008051792177191968
1341,0.007312854330853345
895,0.5948795628748161
5958,0.011615947995550461
1086,0.007599521742451563
4613,0.009343801610309871
6903,0.9844626532068061
2201,0.006823964117635854
1001,0.008659065666268055
4859,0.022848085322800225
539,0.013541810838454174
1228,0.007025992805740507
3557,0.00776650963183075
9523,0.9830249105790542
4418,0.981943169783239
9320,0.9870651696895909
4675,0.007123353330944296
5497,0.9803685307470733
6201,0.0073385194544784964
1396,0.008384252784853503
1221,0.9694322080988521
4368,0.008216504591596346
250,0.009960024380659259
6023,0.01003503442971442
1765,0.008394309146094582
9496,0.007214984154799545
6360,0.008164657757123162
1634,0.009257662633467566
6324,0.007705494786226626
4535,0.007802394057881696
5748,0.02684911644135828
105,0.008108121822278621
8971,0.008351650620972432
650,0.008350634669051343
9486,0.007621643663078084
2035,0.0071729438830873404
7100,0.9832987476089587
1781,0.008322831635036946
5892,0.01040752388916831
7597,0.9846845059542507
2487,0.008713660812803104
8031,0.009105715098543478
4174,0.9771934491384291
6704,0.008677806552032739
6495,0.009903250844776097
8489,0.008901244280724136
1471,0.9800686573024794
3991,0.9856557296248328
5639,0.007640238885115928
6370,0.09789247409927382
6312,0.017138576547867868
2996,0.9820021278352061
5826,0.008703201501266626
788,0.009578314346386318
5337,0.007586026732167628
6950,0.015737907695026938
2259,0.007529427220746945
7457,0.007605106043478414
4877,0.008548295896078653
3234,0.009622435363267776
7039,0.01023201832945225
9164,0.008345397495129633
5980,0.010548606633878731
9980,0.9847264696295308
104,0.008489842760612492
2972,0.007826981877434221
5699,0.007268399587192642
2217,0.013272770688606352
2978,0.0068838815287314975
1330,0.008093582642827456
9961,0.016129673677915537
3173,0.008109766149758007
8073,0.00882609892987134
4734,0.007041913924688079
8327,0.013490289899275603
8171,0.04815200421986939
3460,0.016587627895786813
10127,0.10828137879594973
9775,0.01294629152375463
7564,0.007008279404052083
2486,0.010948495644470702
3631,0.963790415253238
1957,0.037739164133230786
9824,0.01705156314008991
7010,0.015089197399842063
7854,0.008016011641071694
1562,0.00823448454059031
10009,0.015332870788319415
5552,0.006896791566520874
4095,0.013749012158315083
8957,0.013145297816624898
6908,0.01427047790000257
7544,0.9870826961218755
941,0.36820827800238687
3290,0.008818873887663295
4876,0.03779559387404009
5906,0.007382200581097597
8290,0.009372753634441514
2485,0.007301934753170658
7342,0.007842003944577892
9649,0.010373807500803722
8078,0.9249948749884626
6576,0.010053252422823651
9309,0.9773634658463977
4006,0.008893792964806288
7977,0.9849704184655745
3609,0.008805294500888076
3533,0.00787846193481773
7946,0.007028712754789851
4928,0.008974715717283388
4942,0.011698022979500162
1172,0.012847422704805427
7312,0.009446382035041561
1977,0.007145069088086323
3193,0.01707191261340233
2870,0.010494052150468567
1301,0.9687168412526552
9208,0.00729512898510485
6438,0.07665428761896458
5074,0.008352292949712863
9635,0.013527245859843884
92,0.00911193810653459
3756,0.010323770340272655
7603,0.0069961496896347635
8652,0.006869771845207677
9246,0.012661495999131406
3895,0.009937690491154538
4944,0.9840618959721272
3191,0.0177027502276135
2088,0.02073031379884301
7066,0.019400533828245446
317,0.008421567746083665
4717,0.013637401067853902
2103,0.7018202816126875
7635,0.012182960586718118
2392,0.9798208567384696
1583,0.020197247621698017
4443,0.022410758907382977
9290,0.007930853667985967
934,0.971222803801982
378,0.035841493860599066
5456,0.00708176924181872
453,0.031499927964087224
6749,0.9827148424338827
1662,0.007522201454410456
9280,0.007707859348637637
7884,0.008631158419925816
5394,0.007115798654905389
7649,0.007709410338305815
7878,0.007038594842846979
1875,0.007215081404438951
5077,0.008085195792701123
2013,0.9800924149911587
9758,0.03427664623493738
3966,0.012699699595327239
5697,0.012900405899559394
8913,0.9871430839283202
9618,0.009760593545852521
1976,0.006929947128361573
4829,0.5888546300555642
5622,0.02207734106312616
9401,0.007481031017512974
9065,0.007223195602158106
581,0.006911537948153343
5610,0.9601435126031426
2520,0.0071830882515278825
7502,0.008819618830077033
3900,0.007563924180957871
3143,0.010900888332432005
8130,0.006797990834008761
7478,0.0077360639766122395
6368,0.9766865509738353
2601,0.9863723481642422
4007,0.0074390278793089425
5652,0.012991163810123212
1020,0.007366721485253086
1455,0.030656243799017543
2324,0.9487387500013871
9920,0.020761464291297875
9028,0.007923487298259658
7429,0.007428553910452557
6016,0.007011702837524411
7807,0.007069628028290748
850,0.008559176210494339
4140,0.00959772444604112
9321,0.007971601114811619
5183,0.009485807188260333
4115,0.007412014960473566
9508,0.012010136743830094
89,0.008692154132881038
8687,0.9807542081228953
4619,0.007742346882234304
2195,0.11104315800626637
6917,0.008015526726694628
4721,0.008267786996291404
2465,0.008334468743921198
8208,0.017350217292452196
575,0.007320287499342778
4502,0.9807849334658008
1276,0.007416025130791716
2026,0.982424856538912
5665,0.0072871995443530005
5072,0.019189054058306572
6922,0.015962026766332817
4255,0.008350294370316313
5643,0.9776149979897779
9048,0.8945410092034439
6842,0.007804965428464902
1560,0.008009154766965905
4655,0.010792256504630768
10096,0.007860734331649804
5985,0.00900128791262799
3933,0.006887642338462481
2114,0.9690201772170397
6157,0.007738465263551642
8724,0.007674806001360867
3273,0.010146622982148173
6132,0.045445145190207106
8152,0.008750348056371085
7528,0.007859285428685003
5909,0.9768242718241895
2795,0.028219880341646034
7910,0.007756975448070184
371,0.007097870855018597
3365,0.007560934444010855
8096,0.008238346092755876
5910,0.007341874413723677
9074,0.014339571721006538
9744,0.007424013285266566
9468,0.006896846816282001
9661,0.9792643195856028
8314,0.007788120684225798
4076,0.01431147104401281
8195,0.9833830825643328
2454,0.011935365209242817
178,0.9659188145284302
3676,0.012245929054045368
7852,0.0077357116871227365
7514,0.014507178579444327
34,0.01294922329740115
7415,0.006975515227545814
6634,0.9854607237269996
1747,0.00787887842151026
1854,0.013318767452057107
3168,0.9627180700885062
5953,0.0074075695634947735
7647,0.007934184594882024
6606,0.982919172734223
10029,0.1912807997192205
2057,0.019184800093186585
2698,0.0073413174696987
1417,0.9838002477032936
6727,0.00712815643987317
2365,0.021040857047276096
3568,0.008253099041361523
4603,0.00862649976605012
4814,0.00745427707750596
6088,0.007288078419219693
7090,0.9850189703126674
1555,0.9700951125581507
2098,0.00972092260837045
4606,0.01471260404463956
6607,0.0313614006178368
7683,0.020251985295280616
2084,0.0068662332776409105
7627,0.012771545837745655
1666,0.021025600354349378
2276,0.9835061770025464
2164,0.00885381417497944
536,0.012091724239609185
3349,0.007760847691585536
282,0.01219930808924633
5525,0.010841306807047677
2282,0.008109832659208276
3775,0.01277747406311142
8607,0.9648988489592688
3754,0.00717508598198762
2756,0.007455802686862461
5656,0.9544816334338492
1234,0.01167680241052627
8138,0.0768057503342219
1325,0.010006547089316128
9650,0.0073391544583009385
8725,0.9215667019299284
6329,0.8603429335335354
4836,0.015013415221107593
5984,0.04389719631415632
6302,0.9862185806925232
6985,0.36268551248215625
9600,0.008692697186038116
5684,0.1884190879536571
2468,0.006946025117434186
6500,0.011242981779158667
7356,0.016160429488228694
5889,0.007613923666591009
3439,0.015589482160575296
1406,0.022816223620516267
5736,0.01215124103253235
2536,0.007419914441965709
8895,0.00975622286830765
8821,0.006886486908128693
4091,0.007142569232817372
4019,0.9827849846251092
9740,0.9849748771674666
7617,0.006833977523054846
5682,0.009599961371449976
4337,0.014658073934541974
7244,0.007332786780608904
6098,0.05966052138703151
6628,0.7936953022977552
7373,0.007944331794818018
2169,0.007893988736869131
9102,0.9754320660512179
8530,0.9672065375679522
6858,0.039404551300953244
6694,0.008167404971670981
2939,0.007470877601466077
4893,0.007946924956722522
5747,0.006946735959250996
3107,0.006902423283632765
8304,0.00871211392956207
10042,0.9715658688693887
9547,0.011622945868235469
4321,0.8756491133744044
6881,0.010478563483082143
3662,0.0381922992245775
7901,0.037740623157816844
2802,0.008559636675153503
3938,0.02219503094406763
4291,0.008417888217552152
6048,0.9787841372041569
7643,0.9831724882428998
3052,0.08928429418091773
1685,0.007305365921312803
4281,0.006951340072457045
2522,0.007686645421324938
8190,0.008642686176463122
208,0.01272074618375328
9943,0.007124128049027075
9548,0.016023040969550973
2401,0.011325216741971214
7340,0.04464979281955107
5190,0.9835247275045125
2506,0.9842675038313581
1193,0.007548828934138785
6569,0.006838295479925173
5766,0.013849914452869939
1727,0.006794921973296136
4030,0.007336379314687654
1346,0.0144732193316046
9221,0.010146154368676552
789,0.007401145177378864
1766,0.009301653223963195
6753,0.8288668182670333
4425,0.9620137649885443
7472,0.008109717662143825
6884,0.007193667296997749
1423,0.008512080211944646
1967,0.0073716118877268505
4784,0.007643950906039468
5416,0.9817922485731726
3941,0.007068466809580085
633,0.009209663876049318
7057,0.007092680293100232
3740,0.950089486912183
8630,0.007380666332794347
4360,0.019750346270111296
6911,0.007769367133562775
4245,0.007563847172680822
7309,0.008840237039586946
2562,0.977724681195251
6610,0.941063931877005
2833,0.9822527713572434
10044,0.008008106624885028
1135,0.9797924917753138
1494,0.007124501329219247
1536,0.007279873220105081
1483,0.014501157458461636
4254,0.009550178704161588
6539,0.012123720629918719
4953,0.8366526567979582
10061,0.00765278849503276
2450,0.0632817211643402
2227,0.012167304450477683
7954,0.008370987743306841
9042,0.98547901861439
3611,0.007909594009146233
6106,0.012090220578359184
8232,0.012727059757223838
8974,0.011910633254959262
551,0.007001168569502465
7766,0.00826263459845209
7561,0.9860118256438275
464,0.009594604689220973
9070,0.007345177631770192
5366,0.0072175667438965085
6936,0.00695952976676831
9942,0.010221940440158936
5872,0.008311141470909639
6259,0.016510426157108887
8032,0.007501569521519127
9207,0.9443074163191892
4846,0.9867821150950379
1284,0.00722510512833843
4817,0.00817937140474896
1703,0.7825532745641253
1556,0.008298750788054926
3053,0.009812370204300598
5731,0.006987025419754653
9539,0.8497942177038192
4248,0.6833778007282413
5912,0.009119597569896103
2456,0.009941731361555517
8553,0.008046344006140184
1269,0.007280787382492825
673,0.8544067577948127
4774,0.009072005785950032
4249,0.010267525298679558
8117,0.006956726444180269
4964,0.012344171891537383
8873,0.008312492548781305
9846,0.007304635370045923
5162,0.007078425436090543
4500,0.012012776092454385
7435,0.01162719397267004
1871,0.9866606962333347
9917,0.008731285838625329
9684,0.012035870799514327
8193,0.008557627324824018
1807,0.007603424157519817
824,0.00794185921448389
712,0.007934374979864168
5863,0.9825137531373829
9658,0.008166058197338129
521,0.3795148530204243
6359,0.01837517908791147
264,0.006863244364227836
2499,0.00719132819371142
1349,0.01228226371641364
4090,0.8733435697892334
5247,0.013146442710094441
2332,0.006996019455986715
61,0.00789106681486011
3199,0.009555858185283855
8142,0.9091520277617462
4761,0.009005439708509594
3068,0.0088229594559754
2714,0.008348892576758771
7644,0.007662088185774242
4936,0.986503834273702
3779,0.008611273708871029
8467,0.9532974142306144
7210,0.00725694922004026
1918,0.010057954922547041
1628,0.00731479294763247
9334,0.013672366576192045
6373,0.015434691725561563
2796,0.010576419702920557
3116,0.01100813556631542
5795,0.9874855558105287
4612,0.010202500235971107
2941,0.007528576158361048
6924,0.009111006575319889
3545,0.0073564413478618635
1823,0.010458084209143072
6941,0.009096033710979341
8310,0.9657164272752087
7283,0.007235696403850893
7712,0.0076474766679229846
1155,0.0072193781274015895
7907,0.007558631615337373
6411,0.00876877360613888
2625,0.007763290807116143
2814,0.008631002477081281
8091,0.007398057293102085
3282,0.00858682683997699
6778,0.007710824561385927
8998,0.006912903981127689
3570,0.01426586432963165
2024,0.007109736373462276
4712,0.011897541020144044
3584,0.036042009179228986
9136,0.012810575743138652
2687,0.023129043011577078
2881,0.007104401666048494
9863,0.05835437260306193
2031,0.0071055263544215356
8241,0.9246968600474952
4847,0.010233359356911657
9505,0.041640072939499506
3793,0.00997130242205172
6909,0.96314314327737
704,0.008894025014073005
939,0.014475158423462394
6398,0.026506044965926356
5793,0.007711971483783852
4083,0.06062129445383508
2234,0.006816625783457901
1461,0.011101149988558639
4167,0.9865332291985489
6990,0.9849392847450019
5651,0.009179796911834922
7733,0.009920574921947967
6337,0.596961223968918
8929,0.017592052117844592
2984,0.9868973945798084
326,0.01274919076139382
4481,0.007235237726910121
417,0.007566814357709364
6790,0.007494556283596943
7664,0.007627090706546685
2845,0.010096252356447406
4541,0.008157403494059731
3661,0.007458982504570681
8701,0.00908837613552592
6190,0.006867090065176768
3880,0.006859011020986883
4323,0.007965940860626382
10087,0.006916757117089146
3374,0.015258716608363919
621,0.1219902261065958
6130,0.011267666951232658
7744,0.13228364340680787
957,0.028864715038520193
8563,0.00787701667010204
3328,0.007803035010333196
6382,0.007244694938223854
7428,0.8024967913949234
3994,0.007836392335208638
7815,0.008014142882402634
6291,0.007689452257578132
3899,0.007238507750908003
8972,0.020441703135365367
4911,0.9858651829147497
7471,0.007327602715207985
6904,0.0071156712163185495
1012,0.007256341577825335
4259,0.048705357054013486
63,0.00994741842636724
10086,0.00829862653218459
9614,0.010672496282845275
9218,0.009113258145582373
5908,0.03673818837931487
5312,0.007384502936708104
4449,0.03977881049471081
3912,0.010607869694755358
3921,0.007444120784192193
493,0.0075507690675808365
2229,0.007536374681433015
755,0.00736389120019123
1120,0.007990670966973921
7764,0.023272557080667295
4627,0.008031120119153629
7113,0.4131712559892567
3249,0.0381534574872375
6445,0.007059573172800907
7679,0.008323985814486169
7335,0.007982580482785436
2849,0.01116577870092896
4974,0.007285093617775672
7899,0.007694455145963348
8875,0.0074692948679410094
1105,0.007617029328556388
8041,0.008221585273294437
7034,0.9625993826510026
4587,0.008077705875825939
4235,0.009425331592149963
5882,0.008348229451742408
2288,0.011058113320420544
2400,0.007053057522631505
9171,0.016315895523711644
9262,0.008822976159889305
9934,0.029963753566331314
8997,0.007584992223020948
7250,0.013635286983942547
8747,0.008831617405926303
6762,0.008251683171168022
5073,0.007641701346866508
723,0.010647879416297735
6870,0.008501892687372566
4434,0.007195579344956537
80,0.009817722782190277
2480,0.9766928437869027
9412,0.014253466172947654
1464,0.9822498138977085
1927,0.9851350151724657
9478,0.0075278937635043855
8844,0.01077624981816738
7374,0.613445424950842
1730,0.007856722108956042
4965,0.0148497295160598
4949,0.9674373307168461
8018,0.9842798490151646
1733,0.02100246295332248
6932,0.2425254148334303
6459,0.007024424948608017
3916,0.007101888381149053
3340,0.00895755359037312
6689,0.9866933778928103
7314,0.009257336227206835
3947,0.05364049908262474
6816,0.007009963258105006
5410,0.007184030014148428
1891,0.009139473019528449
486,0.007666192354835876
5968,0.9679375921421672
5829,0.006900096591515407
800,0.9862192459011064
1882,0.9712413093893084
5690,0.008045423417687542
853,0.007814590713595384
5537,0.012513322082645119
1877,0.00846204354196459
9947,0.9696570578237619
3593,0.00810125654005838
9647,0.009699395805569977
6026,0.007127994015141648
2827,0.007432213972970002
3796,0.009516788400378609
6251,0.007566900825778598
6363,0.007733400475709098
1559,0.00726046114291608
6844,0.9872100412647277
9898,0.9799036616627901
4769,0.007828624087101395
1744,0.0086309224672434
3210,0.9626060725250309
1917,0.01307467382243501
7362,0.00700609663703225
2554,0.008877496334600873
4383,0.01602488693445234
3527,0.007227485684673294
8174,0.011066337250551644
8064,0.006798399793758933
5334,0.007400928080939292
3200,0.9855569560014098
9454,0.007737087553582297
5005,0.008195895338214748
4544,0.008381735586246983
8367,0.29581269204595273
2910,0.023068670059580524
4849,0.008171948854825702
328,0.006949689749692924
635,0.00885166910110019
3425,0.008915625908541589
3960,0.006812886768304871
9023,0.9294915565177042
4456,0.006989560017910289
4845,0.007364940806332323
5566,0.00875322139121383
7359,0.008163771274996305
313,0.007107492624037067
552,0.021042081812768416
10015,0.008783402575975758
1217,0.04011668306978507
6110,0.007349817070053649
3152,0.007593758939199158
8706,0.007808975020876814
9418,0.008244931134187899
1725,0.007263463416213798
6743,0.007791431518815418
5225,0.011222542970862354
2154,0.013076414216010994
4439,0.9872726848569506
347,0.010206232889837885
4264,0.019673659706409365
6155,0.984142735118973
7392,0.010178855459763355
6460,0.008496702119791677
3023,0.009223958006994347
6353,0.6664028285035286
384,0.98540656446697406
4628,0.011030194488535367
1681,0.0069928184777580836
7053,0.006914847319832818
6208,0.007573613636266367
5020,0.00992746719327117
1281,0.0151778656383315
8779,0.007659404069606959
9970,0.9855078568205997
7538,0.03352149511288106
5752,0.88491684537746
5404,0.008322489183772356
1857,0.010671958022518906
3672,0.02139670899930856
5857,0.006944705464252095
8123,0.006872567630372995
1851,0.47961330427891563
5865,0.007289768094136221
465,0.9814856245498474
3843,0.007112137428008836
4478,0.0075708600021942764
9868,0.007021141207323002
4772,0.011629060429347275
2463,0.011118768599959411
1112,0.007776332661629478
330,0.009606906617599194
5786,0.00699577851254498
231,0.034935401063079324
2251,0.11866379501944938
1137,0.009495928215287759
1589,0.0072756616123562995
3452,0.006973585903553693
3865,0.009497459413223592
5030,0.04111220683226915
7427,0.008487561865294832
3021,0.007302740455833295
2358,0.10775984710947548
5787,0.008058932895867177
1966,0.00948614087539664
3785,0.007539804877286703
4747,0.011846749929767647
8757,0.01906921146817816
1994,0.008949888661053075
4924,0.010239339155273856
7281,0.007612980828349881
3627,0.00827830332947192
624,0.0073076722265908185
154,0.965208115672297
506,0.008105553333576612
2410,0.007348275250038962
8131,0.00885116859933927
1335,0.00793287995264153
3298,0.007841807868761912
9599,0.012083257226917778
6912,0.009036136253952802
4706,0.022614422868928695
4737,0.007589493366387066
1057,0.006914385110619498
5433,0.007270252901649266
4180,0.010916392456535423
902,0.056250841953792284
4313,0.009180088238326431
8739,0.012973667572965713
2056,0.832596526501105
3185,0.00749439012190138
5709,0.011480460411000187
1131,0.007979568289988047
5934,0.007150598525211613
5461,0.9625336029398738
1430,0.008052956480902677
1058,0.01770863087805738
4896,0.008459071587193211
2300,0.008005573570759565
8476,0.00845549932880536
3183,0.008115838771789282
639,0.007654625137446914
2469,0.1563560572618629
10090,0.008592015766484115
9698,0.03132015947271009
3955,0.007283466240593069
569,0.013537985762370735
2131,0.008833399609301639
5460,0.017508889060553288
8632,0.007899913905408578
7717,0.008821850087114691
5890,0.7668044371420187
1965,0.013464924988528438
9295,0.013329660727271278
2399,0.01291572202320917
6102,0.006963073094389586
4725,0.43385487776266185
4106,0.007356699794892354
5567,0.0083688482951302
8666,0.007492239133604547
1987,0.007762040124006919
2264,0.9782816527037204
5187,0.01643363088913607
3647,0.009828197640770319
3863,0.008550541412973137
6209,0.9854483149291284
5528,0.007319141983089144
4692,0.006967874668815624
7904,0.008124478461158149
8387,0.015325822569905908
6700,0.00711180631877544
1144,0.007258829647616342
256,0.010597576474646823
9063,0.010062465125838187
4186,0.0076645375337236555
6525,0.007623752302366515
3919,0.9741480251270956
9485,0.007080739623538475
7420,0.008255601562006476
6476,0.010201933222886239
9675,0.007576161534087779
1376,0.08457177582722634
8485,0.9262197623826858
8098,0.9545961358621252
5976,0.007118261383220487
6424,0.009553264539878542
8377,0.008558175168988713
4336,0.9873582247023444
4049,0.03632907163917275
1467,0.03568319416556263
8429,0.008441584393800603
8350,0.00916275790045627
3708,0.008399765785626893
6354,0.0072048240312216905
2205,0.008775427804327643
4329,0.008028439245826698
4991,0.008370644194328734
8689,0.01690127630719407
2526,0.01026060058219754
8143,0.007672740306605546
2871,0.0076799613635220795
8036,0.966775763640834
2489,0.9851897475842922
618,0.006989333651546251
6461,0.01100909219125386
3795,0.021985748843467653
6043,0.6951715680654953
5726,0.00882179190177913
2232,0.006946597712244361
3653,0.0075045748373054845
7151,0.013411153562847148
4326,0.006945333669930754
1152,0.008185616953845823
8236,0.006827844521750213
3471,0.008596186727867846
5919,0.0077350673927937584
9052,0.007846707193718818
7380,0.010718853401677128
8673,0.007716128203634187
7000,0.042298747183216454
3630,0.0084973647606621
5181,0.0070536365312281624
9242,0.007828808463293363
9919,0.007136751375031484
4711,0.7456346708236514
3518,0.007316556289639377
8740,0.006979355081123438
7555,0.007159621882509714
5061,0.0104688463638537
7746,0.007866425453671734
7127,0.010496510802833583
6643,0.9138019815003893
9637,0.007650703198871797
1153,0.008371105126557027
9952,0.00879519404875785
40,0.00752064563715297
1040,0.007304453047175952
2999,0.00860580269686088
2291,0.008220554144636344
6902,0.008148193757464737
6199,0.007928796719797957
980,0.008091388001846191
6656,0.01021719143784267
253,0.01016988079476269
2274,0.009011944898692732
2545,0.007266684223234454
4851,0.9600591777390268
4762,0.9819595883230721
1454,0.009454352510541855
7152,0.007070632291413727
3542,0.009560795265218504
2949,0.008018268137941782
9159,0.009135296505863895
4388,0.007387347055562647
7600,0.008095160348382794
5326,0.007696182036295387
8908,0.07869400597699022
6740,0.8110441680569002
4809,0.008337118590939718
6092,0.9829418930102983
8549,0.007388042076211448
6031,0.02963361992638035
3698,0.007562561600184442
5411,0.010208592299152055
2066,0.008060749378736267
8910,0.0070486967211638085
5260,0.0074434313816813475
9515,0.008233963887835396
1916,0.008563200729434515
9452,0.007102595189446905
4492,0.00706913581309767
4872,0.008843173690908483
3539,0.030837211262226084
314,0.0072472623216342374
5431,0.0077202818723835585
6200,0.007493273175937772
9742,0.007597064271919212
9598,0.020202920590992005
1762,0.016472125452067662
8444,0.007381632034531521
3154,0.0070324960089832
7657,0.007312357920231958
8754,0.970199601672549
2904,0.009593423389119449
5719,0.046389005084514774
9305,0.007646542334112123
8303,0.9849034394893904
3370,0.011331848210103669
1011,0.01714910093422916
3378,0.007235094782449518
3122,0.007885705084443487
2926,0.8712878502906124
43,0.01298491903441372
9092,0.9788173016420356
7830,0.00854451359725254
4686,0.00781985167462393
7975,0.01806928004521626
1576,0.008626858563162875
7963,0.007221779928725291
4625,0.9671194864642267
10118,0.007763121858968851
4160,0.008545478930620276
281,0.9639594804409948
273,0.9785348774451453
8477,0.9840253349617245
779,0.00817544678667092
548,0.00839364228055454
9199,0.008232718616790702
4169,0.006830411719154904
2718,0.02312980392046299
1979,0.011368050909613611
8668,0.9814377317841969
2676,0.03747833927278854
2374,0.008609143652281992
2694,0.9832610415131369
7214,0.9851815435294431
1395,0.02440995238531983
6238,0.008643900059885638
7888,0.00848257170198133
3908,0.007673226628625672
7903,0.0088171451738866
5677,0.006923219541520058
5308,0.006892705117720568
9626,0.010056133223949248
676,0.011469514383932086
4519,0.01680971289749637
10056,0.9659024083873524
5121,0.796376777942943
5806,0.010415856085573992
5621,0.007842273682258148
7941,0.008081890704553518
2615,0.00981784349952365
3883,0.006822311534667294
3981,0.007593746846096227
988,0.9711182913331717
544,0.007171716419697229
2898,0.009731793734150196
6543,0.0076426661022848084
5068,0.01047527565892341
4219,0.007469787018687172
7519,0.008444292579139192
6193,0.8523239678533491
7406,0.007252643140418827
9314,0.009821863014800968
7248,0.007916417520024784
6529,0.007551891867076015
6760,0.5103810828350611
6114,0.007226457454976071
3574,0.008194935249908327
1830,0.009704215592822562
5822,0.9834039782003833
2333,0.9866463107765139
9665,0.007339863713818673
3432,0.006956827449220192
8543,0.008018971972258346
8944,0.009814877073486416
1422,0.007276596208165882
3070,0.007283480601287962
5926,0.03389257605301217
8993,0.00922879249022251
6281,0.007327091185968109
4241,0.007516439920582808
6083,0.012423963143224566
3403,0.007018544119078225
3659,0.007315141476193857
5408,0.007461629450597158
403,0.006992111636341229
931,0.05297929711091878
9167,0.009918330398840025
9261,0.007780049418441989
8856,0.006884833415593377
4750,0.9169560123609706
10111,0.00764109140677585
7386,0.9867348519577012
5242,0.007996926085898333
8431,0.9713271310365549
7821,0.0077475434883689
6378,0.007248784817278786
1616,0.007514938998715525
1956,0.007400325073249156
8657,0.006816274407049105
8986,0.008401344179262348
3160,0.008392983875858087
9250,0.007348366616243474
4644,0.006906213702226211
2663,0.0073399131293271705
2647,0.010254844772837432
1758,0.008661182643582526
8906,0.007558662437474418
9196,0.011714997367315887
6012,0.9765119207382301
9410,0.007463618742094481
2701,0.008157830138417222
1680,0.011292130974151092
3565,0.007168631023497047
9203,0.9846620878612953
7293,0.03458099314322547
5563,0.01049356441633951
389,0.033151122520292196
5027,0.007620295577800225
10003,0.007034890476754562
10006,0.006953217010873226
8199,0.007091594033907743
2723,0.007568345839653409
468,0.008087697361375847
5539,0.9119435209171836
4786,0.00909195726873728
7506,0.011369401554489287
2168,0.013778480505925061
5702,0.009012065383083115
2010,0.02059405415353187
461,0.011618666456568642
6730,0.008989395042778434
1842,0.00708265508579848
3281,0.007906767766063543
746,0.017535949367576426
7144,0.979023250554564
7688,0.008402285882075075
4319,0.00813167512557494
2156,0.007214227807378905
5235,0.009078426190375676
6548,0.008374163082402285
5116,0.008084212784819947
1287,0.02533569089763842
490,0.008250002817233445
3101,0.015505239109202767
965,0.00883968964982101
4599,0.008054289410746703
8584,0.007724112626989225
3466,0.008388883422352139
8722,0.010681898645083187
8490,0.009085047770859334
9869,0.007714533458596087
8557,0.0077167660916042085
3650,0.009822495317318585
2571,0.5690677165363542
6702,0.7394653346984891
2968,0.15332490103632235
8884,0.01079516247639914
7835,0.007592759516309201
1603,0.007517286147202323
2741,0.007803284963820698
4412,0.007253293139092764
6296,0.008469564684577378
4150,0.008676638398678275
379,0.5148216638004445
2732,0.010621383415685672
8958,0.010402157782207688
3411,0.008726535314489565
8547,0.009874769308990249
1262,0.049119032006443346
33,0.0072741201596859635
8566,0.007555288465509197
3465,0.006956267988107918
2575,0.007121789747694262
5680,0.008029325646510654
4021,0.9512066826394789
2448,0.985285372342501
4122,0.007668659747624939
6133,0.009538902751685015
4485,0.04242433377455806
5104,0.006964847167415366
9818,0.06468681821126088
458,0.009290799187455302
9755,0.9611412588717847
1041,0.010450255958411689
4815,0.008014082011753137
8188,0.007773698893232785
6691,0.008584452738655901
2600,0.9804016035073574
8054,0.0073681280408659225
6506,0.011094172743598777
9578,0.9029935425397735
5560,0.11622427178052042
8545,0.007261559570339102
3888,0.013149147414439724
8849,0.9658101356532923
1561,0.007560450282919926
6967,0.007010678544385015
9413,0.06496169986493731
1645,0.9761600259151821
2699,0.00715984784468562
3519,0.008090559245138487
6669,0.007213821676147264
1988,0.020057971115970408
1377,0.011440812377499181
3004,0.010801673486458541
6276,0.010443242737240732
4037,0.01063049582940455
3717,0.007643345462793307
2017,0.013508473605886287
1038,0.05008305410676644
3943,0.018816507389051967
1505,0.014352447417461538
2990,0.9400164043336009
1485,0.010213222493086593
8203,0.008032048815432197
2277,0.00825978337109525
5132,0.973124015728682
8189,0.9696095003938218
4217,0.011147735319024498
2128,0.012638068016123211
3723,0.01907914921670923
1180,0.007703525615664278
1731,0.00973473559529735
715,0.008102464441135068
9541,0.9873207364855332
2524,0.007275596325163443
7729,0.9027455867928595
8111,0.007146055581501555
3951,0.032426954724883494
3225,0.007323211555679302
4277,0.007085433503691618
1402,0.007571408349170968
7242,0.010739362871417591
396,0.01377134433397603
6441,0.9556093593681171
8257,0.9109355250235833
763,0.007081034999842871
5546,0.04140920170431776
5613,0.0069178516844118805
2969,0.964829422587496
899,0.029127728263257956
804,0.009214248275119243
3111,0.3597409314539616
393,0.008363546692302272
3766,0.008310273007191313
714,0.01006139147184648
7200,0.008473345346998501
1300,0.007120460360011132
7786,0.34357403839372347
8253,0.010992928581304644
7221,0.01803130321726365
6581,0.008686246241400094
3956,0.011772567779982939
8045,0.007072773460434022
8589,0.782761424215695
2327,0.010888974302975977
9323,0.009634451215391481
7843,0.007936724648113255
7582,0.9744498342818312
2214,0.008112153257067645
8084,0.0146023428014408
7518,0.006977721205089474
6271,0.006966716660069444
6807,0.013201325457747062
9840,0.007689470959714361
6384,0.00775738554433856
9379,0.006813088858960096
1791,0.01102673926014367
3147,0.008187446419588004
973,0.016340761972129813
9610,0.008622829740000653
8079,0.03650458795939608
1254,0.00768152490448924
7887,0.010684391532150915
9571,0.007747880274941545
3089,0.008231099967049876
2854,0.012457883549794022
7156,0.980717723574074
6080,0.4324044370030037
10041,0.025544715530780835
7286,0.0068421177388382215
5468,0.007712923231428437
3092,0.0071909485897270024
9938,0.009047113466481196
6682,0.020513758079940596
2130,0.03431546928173541
2181,0.010351419392407144
6764,0.00715630202198429
5668,0.014960592479070818
2710,0.007805793610279598
4389,0.985252192657318
4398,0.04001127170118205
1383,0.016999039974377732
225,0.013433275209426068
5276,0.007117766872805695
4176,0.0071205837367952825
106,0.5941683305559002
8450,0.008391293396615457
3737,0.008723022712776033
6800,0.007239937595960499
4796,0.007088541230278756
5198,0.3021070324113208
6683,0.007777330612010598
5191,0.007132392321350431
4036,0.012257384245356797
290,0.011851517154642527
5716,0.7747555910247979
7698,0.006841787094678775
5866,0.029060773612041024
2673,0.027144040480571587
6032,0.0077143495133103045
9417,0.028303027699738602
8954,0.010606003255322485
4791,0.008866678666965696
298,0.014967871431416535
10076,0.013568697326789555
7081,0.9867683044525636
4707,0.010027108386458764
6334,0.012278017122401279
7239,0.9868186985060946
7551,0.76395739633948
3336,0.29170110508102304
148,0.011292391215834554
1648,0.007239467381546268
1469,0.0076828441282699505
6827,0.007889892757665821
3990,0.009907875170909797
4666,0.009635288022532025
2430,0.009007092265779814
8207,0.009089375025672792
58,0.0069418218154960135
4778,0.985426846082545
587,0.016154689913513095
9277,0.01616419774427923
4483,0.007675224307191489
8443,0.007918776766508139
8902,0.007364913413429714
9557,0.007996306589598207
4299,0.02035959687831007
522,0.007210926254474138
6084,0.9863024306824524
1216,0.0075104036385673706
5370,0.007897154006034445
9434,0.007753248685975467
210,0.007674634198443088
1490,0.010441528076769927
8832,0.013125011576074
1168,0.007824448337046614
5794,0.00751299745157128
8980,0.01285172290115383
2955,0.007634854119091148
3773,0.006992112983109504
7385,0.007704909070610861
6782,0.00848440211572043
3946,0.00737436521983684
1599,0.9727349914335258
6470,0.007152755432488033
5757,0.007229589745393304
3735,0.021824845172945
8391,0.007636764261184206
4552,0.015122267582722865
7336,0.008184864453101591
9151,0.00760282900175465
7945,0.008175717942530388
5700,0.007075924170768554
6710,0.008374521838301402
1271,0.25459679653988565
7354,0.008077603925222386
5182,0.00862844340999825
3335,0.9365486047101278
3054,0.007649119511461538
7104,0.00916512957229084
6347,0.009356960445085436
6419,0.011922277579664691
2075,0.007741872351939506
1370,0.007074001652058685
9108,0.014899900094723422
7120,0.012812665918398887
8572,0.06670776032477757
5440,0.13085464846114958
7366,0.9835058585506932
2657,0.008120893540805325
6051,0.008051813988952383
913,0.006960008677484499
8478,0.007872670553094985
8141,0.0070236288780555186
5534,0.009840805823797776
8924,0.03601360992240739
4906,0.9849097368478757
6025,0.007880325117272961
9251,0.007762931030689164
5088,0.00774453420961047
1595,0.016396797958540026
7218,0.012290462945716106
9512,0.009510004409058675
8996,0.8067333423093602
2492,0.006784385705836458
8251,0.007004411054625182
47,0.040884379581142695
728,0.008053978458826756
5453,0.007344203248186777
3649,0.008204673142739639
1572,0.009799502911630722
5043,0.03669874659368915
2753,0.9839755268470932
6417,0.011955645863720676
5485,0.008516835163990278
5510,0.00882552750132837
1694,0.012028552129593738
9572,0.9788429697306985
2225,0.08964988179560258
1099,0.007003000351780613
1226,0.007282190304684918
6638,0.007024555533955017
7608,0.9788335657869203
3478,0.7346787441190621
4462,0.008488752010823077
9003,0.0073455294820334235
3179,0.021050086157412547
2027,0.981245165289095
2812,0.008116671847314736
1828,0.007440051745583522
8709,0.008495294071104949
8554,0.006912950088071684
935,0.12389517114666458
6982,0.007489317805584663
1147,0.009134695441766798
7102,0.011796466523551848
3437,0.028632418367380705
1181,0.011413677220127968
4087,0.008493079321243146
7794,0.02982153016834997
4882,0.010262418958789802
329,0.9782585529133834
4794,0.009466379923791818
9769,0.02339892195912511
5741,0.007808944765779074
426,0.007268284416471006
3079,0.29530911766245294
3964,0.9860280868618514
4413,0.9861067185575704
2081,0.00781628867705896
4297,0.1979560455545363
617,0.05812339184798745
7060,0.026061080222159295
8848,0.008564299210169211
7935,0.00701384018457987
118,0.00799500776042328
5632,0.07887193811595916
8614,0.008457499955092429
5792,0.0073532102487530605
9326,0.008389770781145903
5640,0.0072289153829914595
1319,0.007304961203018729
9853,0.010986307346046421
5671,0.007091118184384754
10028,0.006894718809544804
5463,0.9731067086253771
5883,0.007802854045672344
3825,0.011697037383835969
793,0.009659978469148943
7035,0.007263754625547656
683,0.023690749407984688
601,0.10277579876641385
6491,0.008250087887982649
5373,0.007378232968316457
3366,0.009152177417631562
9511,0.9824243306542488
2312,0.9483338814882962
8475,0.008487082657269272
321,0.023259643368430737
2668,0.023890017045941687
736,0.009276840863281116
3211,0.007415269699495797
8204,0.013822754815215011
7596,0.00853683727269847
9798,0.007591051459666646
5789,0.008969052274333662
4062,0.0071686093921601675
9123,0.05755444094014258
5047,0.24003510016594912
3645,0.007646130731864617
1345,0.007911860843422899
1719,0.008400070981075512
9850,0.012540676466517518
5126,0.008123979513919136
6937,0.9835521339469036
8070,0.008716590411301647
9336,0.008518870366571426
8127,0.013561096154394457
5071,0.17417068455691143
9002,0.00873029725380111
3119,0.9784814510665119
2140,0.01670144233598375
9053,0.012327141785661189
7055,0.0075040087225237495
6815,0.012222706428800802
5778,0.0069488747337655785
784,0.920249999363524
7009,0.009119147131581528
7660,0.9640985444976878
5927,0.9807384450935812
4181,0.006942066649189994
5120,0.0071492314194714
1507,0.010603386646402523
4468,0.009529695267035818
745,0.008637449372669278
2721,0.007717411897535497
8180,0.9874312134313036
3891,0.00732874078602629
9407,0.011481898827877694
1204,0.03528260950004168
9926,0.006914431051346783
922,0.0069656532310555025
8911,0.007201278909874917
615,0.010557966019293223
9821,0.007424942126301449
7646,0.00873410145501202
6715,0.009247284412355249
2149,0.9804690352097821
7074,0.009592387005338784
3643,0.2411914499750561
2945,0.009930409813526187
783,0.011141751342922635
5488,0.007789404186741173
1085,0.03106968411642966
9144,0.0075064649903793
9809,0.008665607517418378
5098,0.007197601689788472
5142,0.007274791975448738
1238,0.032695048442991315
1393,0.007019324105855087
3607,0.007575675676008495
2829,0.007620136445743459
4617,0.01730084869427661
5278,0.008664778425408427
5913,0.008489788791097467
1457,0.007316801099755005
2922,0.02124046072010977
236,0.008134748031482782
8897,0.016137694152468785
9697,0.1338999664643164
4488,0.00848248179749806
7337,0.007078600355271386
1127,0.9684529675945331
3165,0.9814301525998953
3550,0.9717254576451584
8173,0.008306717401735313
3605,0.0109395009354392
7349,0.0075829087879354315
7986,0.011154688776160623
5035,0.02541881063508786
2531,0.010106832512446196
4793,0.007139459292021473
10004,0.3882310670921514
5945,0.007916456952881257
7033,0.008820805103706383
5252,0.008169017656717986
5800,0.007163392287618983
6951,0.008660532710563721
5595,0.007321812492389479
9137,0.008270365618347703
6973,0.9775546499649929
9660,0.011169988369694645
1631,0.009819601691644024
4189,0.008190244550894043
1569,0.007857568044557738
7990,0.015881535785999285
370,0.010645564708359367
889,0.9840108124928162
6489,0.007884814470220238
357,0.007287099587183219
3268,0.007867472022390692
10121,0.007054748014240013
272,0.007712194530881767
120,0.012021311131199756
1299,0.007017002942268236
9237,0.006960328494277666
1298,0.9827434310834535
355,0.01662949943005639
152,0.9718059026166281
6167,0.007356889585331673
890,0.0069186166161902055
9907,0.00819191939774451
5839,0.00780472869932766
3811,0.008556957809187544
6533,0.9834978429785867
373,0.011972483864803221
9293,0.008976687730996618
6274,0.008374643487458689
5988,0.008146436086345611
9091,0.017572988241385274
2789,0.009794963923607762
5558,0.007518562157663224
8288,0.01484153873141408
7751,0.007597102754195102
6196,0.00706434461558904
7431,0.9827816478313836
2887,0.008762510459835131
1737,0.04179124424229053
2907,0.006964056302686454
983,0.01190095599080969
7487,0.0069779715508210246
6269,0.06779137301158934
9132,0.007613334428436294
3566,0.007631084852156457
9991,0.014189896189393201
1243,0.010352270763971072
4660,0.007147281240278758
9882,0.9191836520026206
7860,0.0073361721782766376
3538,0.007879443768458583
7924,0.008269887392251424
8962,0.008344210160236046
6647,0.008186731219252176
4195,0.011069060393732998
8617,0.006852065147853427
5974,0.02568322424693051
4790,0.02354005826411819
647,0.011091968385574438
5049,0.03421515393229894
2020,0.007059347859336394
9516,0.008933286135381507
3163,0.007521664958063552
9220,0.007242507867516289
267,0.008227014735372174
3312,0.006951651214673177
534,0.008838136354501164
5523,0.007009501623392568
6515,0.007606938264929044
1273,0.007132786280997716
6687,0.007713700839750605
292,0.9713367038042428
2153,0.008509484248036853
8917,0.008869647079076356
6273,0.00858141941062827
3057,0.012833268416514255
4284,0.985334548450581
6560,0.011414374746371605
5599,0.9642005108505504
2640,0.007732158637151005
8970,0.9737888154338351
6999,0.9788261737553909
9910,0.01245552143730448
1342,0.9863872113980232
1410,0.9639816541812075
9335,0.024483269050825245
5227,0.9864556215147988
7446,0.008978941722302113
3555,0.9822021007322772
1426,0.008424014040009321
3261,0.040846153500217953
6688,0.00865750829263613
2846,0.017010901987521143
6166,0.008656370121667948
3893,0.2396526106753001
3236,0.9814022823597504
8472,0.00913399103027561
9501,0.008489162317927481
3688,0.00763690299701954
2568,0.0072031036325693135
9565,0.02322343544931704
7019,0.982048934037092
2761,0.9761449495109095
1533,0.007323465922450949
1679,0.00915417769372401
7639,0.007826811584836299
3244,0.009685668883360605
2822,0.006907702504623212
3913,0.01351153418480722
2104,0.008088550108030763
636,0.006893964282567505
6802,0.007078122353404488
4987,0.009468151308120402
4828,0.8406126944340035
4771,0.00809183499008883
4446,0.007173511277399042
6017,0.007219975209497958
6482,0.010499641225927727
8259,0.0074614907063484445
4173,0.009014813383665709
989,0.008696172023825187
8093,0.9259537233693406
5590,0.008090210043681304
6732,0.009422397438791917
7464,0.007730683181917063
7913,0.007382492181528913
756,0.006896961148135017
1529,0.00815803121085579
390,0.0072204854073389365
5733,0.007165673936759225
416,0.007839928299852089
538,0.010709223292857388
9449,0.02187217592494039
6125,0.01929397227887257
2962,0.8587206655031547
1853,0.008676869234295509
6082,0.4063910592591735
9967,0.019526084060835575
8110,0.009181026022764114
2352,0.008099045130988915
2344,0.007420572105025238
3133,0.007046633224481567
5243,0.9814453173550256
3019,0.012019475577501184
5816,0.006848310440071522
9287,0.007311436922045697
6103,0.007190265069988171
6418,0.009398811029277171
6624,0.007304029324675715
9767,0.0073170633689999525
1434,0.9759213860505884
6165,0.007853607346824882
5921,0.0068650000985008945
7304,0.013638538183079606
6826,0.00763925645620494
7310,0.009070259834416594
5860,0.04403502050267848
3358,0.0075033833475879694
8072,0.007644360004876969
6203,0.009381867621201658
4226,0.01240934597070333
2650,0.011697911160111815
2134,0.010648027199644278
3590,0.029609712945200865
1148,0.9764286140935672
526,0.007326141503712973
5939,0.008231817344643034
5770,0.007326411084672147
4214,0.014534414410792772
8001,0.007771118281164304
839,0.0069511006015008005
801,0.9855129632664636
1444,0.007758989320419291
8843,0.010091671008556064
2458,0.011930045621584603
5556,0.9657477013666242
5564,0.9191033899420796
4575,0.007664806314832652
2544,0.00838245966183685
2446,0.9791392133624978
3537,0.01247984195085729
3572,0.008404917453101731
324,0.00841022013154744
3078,0.007031123556708638
1787,0.007683485944233354
3421,0.04140065921965322
7288,0.9518572449702707
9292,0.007128368170782977
4885,0.009686311861555668
1270,0.007758303097503314
9462,0.00713370749328083
3575,0.008031291049914478
8932,0.007193348052848337
3731,0.006906674632235131
4290,0.0165752804591243
7944,0.008967369941295118
8580,0.0075530539473745795
8836,0.006909152967162515
6717,0.008599591544324927
3755,0.009121480136222332
6834,0.008392727920778392
9950,0.007436402375278808
6886,0.014420864193016792
7666,0.012966057739510864
1363,0.0075233949119626825
5938,0.007769604002698616
3601,0.007542879226598669
9414,0.008463359334495034
8846,0.012563040785766533
9268,0.9145653150379872
3321,0.011714241486866733
684,0.00951415078916932
1625,0.01170485412213574
8484,0.0069476609388569605
4048,0.0072723900873640545
9725,0.007625946636344183
74,0.9569812571502339
5062,0.0069051802924564145
6390,0.008730874147774004
1194,0.006858388817877801
3561,0.008332055720237612
7749,0.008564115619657054
8201,0.007868359503058354
871,0.8937413738215024
3049,0.9645018378140043
5718,0.007690978085131155
1014,0.012595949329357467
2865,0.023342824166706924
3113,0.0069796250541109455
8256,0.9749923819605288
5676,0.008605929665850803
4792,0.01039304915869873
1711,0.7104099243477645
8315,0.0071915738937195104
7295,0.00945283999233072
5248,0.17315188547148946
146,0.013276092973026545
9471,0.008662794353480245
5954,0.007199930271801995
3256,0.9533067051765556
711,0.007040294900066184
9206,0.007432815379232795
4079,0.019926991138565997
4957,0.008016654726565271
1450,0.008000057006175135
8125,0.44830139935839824
8493,0.012466833336762819
2505,0.009820310277740284
1190,0.00922946580522494
7202,0.008595169763977322
701,0.054756816894630786
1334,0.0074104233573080375
5188,0.00721783916551217
5427,0.00846994660990373
2790,0.017117166420364063
481,0.9784956440681514
8700,0.0072719080088136
2283,0.2756951636827543
2924,0.35979738918199117
6693,0.010705509687222978
568,0.9768745859149807
1067,0.006906472143546365
1101,0.007600300523437701
5992,0.006844621082547341
5172,0.9841318292553277
6189,0.008506527089055044
7123,0.0069319733709255135
1379,0.9719169809865286
413,0.024556330321244057
9756,0.010494513626886396
2539,0.00776428623038058
1338,0.009704250662817064
4354,0.008082872459225728
5615,0.007657481657000307
3747,0.008411976848581595
8270,0.024886591108882417
4690,0.01601638079898495
5425,0.006984215093455894
4486,0.0071978208544612975
9131,0.8982677717691587
4614,0.007574912839658714
211,0.07724825859429642
7784,0.007023857258989499
8564,0.009188215681892788
4673,0.006883165180074304
8806,0.007823297933488222
4190,0.0076469623040853274
3435,0.9860631983885069
3408,0.006928739305432934
6499,0.9831053997534499
3341,0.02761537092829534
1834,0.9868563846583527
1998,0.008004688503424543
6076,0.9856883685314632
994,0.00717956825317595
1889,0.009679026088783802
5712,0.03422620593426133
3652,0.007522761854125807
5818,0.00938594100592602
323,0.007811827732964284
4687,0.009314571625753353
3463,0.007107633275760364
1321,0.980056265748341
6311,0.9645529819309825
2569,0.9821670163254325
8608,0.010007948847201588
4714,0.5051887017176395
293,0.010543759541711887
878,0.9750707826700755
8107,0.009457341328004796
4068,0.011287640109805788
7041,0.9830978074579118
2674,0.008447658177127932
9705,0.010681315438294961
4984,0.010673717153642825
3774,0.025261935540185052
6920,0.013664402078950732
4350,0.011944780895265912
4751,0.012631431342773605
1156,0.008599910510108775
5695,0.03099505218494674
5476,0.01263862761505119
1738,0.006987810883835816
7205,0.00886790769643565
3381,0.008443540943265538
3823,0.00935408339011516
3394,0.0069478867659663514
6685,0.007471753318407107
5484,0.009475725895071977
2659,0.016419868030347468
9142,0.0101237134177806
8482,0.007260796938787476
9359,0.9107996119227995
3446,0.96555021679529
3337,0.027130434819745596
5972,0.9737550675457542
5543,0.007186359946099733
1816,0.008069137422127854
9623,0.931479525703477
5971,0.011271704852498997
203,0.011464750677760031
1368,0.007943210714878083
9365,0.007154291587197921
7169,0.09694936953356766
856,0.010390949946131172
4559,0.0074464490818734585
3494,0.007025405925701522
9031,0.9406178770135977
3451,0.007038280142905547
8398,0.00832669142640734
1591,0.02241143985929544
3433,0.007757459685020601
8445,0.007934705928001572
6765,0.009700788757118281
2138,0.02104028499910192
1872,0.007429768845204443
1855,0.9821913366454857
5297,0.0075850802189302725
5911,0.02661254492860811
1705,0.0071339651142987796
8057,0.007903396174124501
2278,0.009816092011157782
8012,0.01106960521416699
10084,0.9231753712704324
2297,0.007316499591913695
1881,0.008085832912141076
1920,0.007694403614975952
4401,0.009142393817269608
6062,0.007853770829611783
7893,0.02310823167193931
6797,0.0074515110551677125
1437,0.007171860933016736
6906,0.15968956340403345
5407,0.013801066119286316
446,0.00771268032404534
8648,0.010700240641901754
2809,0.009616987293302638
8814,0.00844938213323894
4913,0.012952150605335706
165,0.9766197736822374
2726,0.006901975954501216
1849,0.19200582436601543
7084,0.007570161168878611
1683,0.013992129616608406
9286,0.02637398181539599
1509,0.0078800708585843645
491,0.8856248843295981
2591,0.9660903010606394
9113,0.0069913493880500955
2839,0.0073071388987994675
5843,0.008465165432664713
5391,0.008985306892594648
5156,0.0072084916552085584
4824,0.011441425079353359
1999,0.0071231147453406215
1813,0.9834066180783637
4840,0.00900623904778056
8603,0.007817236187032867
8434,0.007933408409147675
5007,0.010118916354968345
7996,0.9875508370796001
5583,0.00769834669233734
3805,0.9781558507771083
8498,0.9541715674335621
5519,0.00788196119502604
3501,0.007027578067537387
658,0.007189620224097411
6517,0.008360692115689536
698,0.007725227459014178
247,0.007563503095992795
9540,0.00911636510033726
565,0.009487034363326628
8217,0.00920531386867941
9139,0.01241275270243088
2022,0.9864448215742626
7495,0.4123709098395085
7826,0.008290979266053213
110,0.9851742465937444
5327,0.015087062258945226
2915,0.023541561035269606
3428,0.02427518870298661
6627,0.7385913949504882
5956,0.9756193937145405
3454,0.007399308513037894
6485,0.016185014563909278
5505,0.007073786834454478
7962,0.0077323715222831655
6118,0.02091119835350344
1768,0.011871857604585836
8816,0.020590391628612616
1072,0.007649630727348366
8235,0.9751967268950287
2648,0.007481051813262911
6523,0.00788887937719668
6690,0.010874799008018375
4038,0.9809066809774403
7504,0.007649604977756272
8128,0.02971624907372639
9833,0.9725293942424279
9098,0.007560275907817172
4013,0.006856249974815286
1624,0.017467331301930168
5253,0.3523219906733962
2443,0.00763600657867977
7691,0.007467049228292958
8573,0.007446658848540689
814,0.008110608673144783
9905,0.010280660266661268
1949,0.007329741668930133
2709,0.008628485336969756
4202,0.006909274025611864
5967,0.017033362333257786
9955,0.013064817120259059
6089,0.0075416966618334046
2805,0.008860802252665325
817,0.007476048013232557
9332,0.010838859660125747
2061,0.008727861826987012
1366,0.03349008751794457
1095,0.00762018175474898
9150,0.9848043371253088
7404,0.00818629577192248
249,0.00810823953000215
7162,0.012079372463292482
2079,0.008273008255106734
9424,0.008961203682909934
7319,0.007031592273844554
3385,0.011988222582082195
5261,0.010753396329215306
27,0.22480418046685038
6549,0.00844782976266998
1487,0.007839452452435438
2835,0.9858438451238748
4402,0.9852276031946494
2462,0.007797934838822499
1073,0.007997788985910857
9430,0.8850222735783564
9963,0.9801582917427929
3322,0.9809591915212215
7798,0.028185133548252146
2961,0.0082243346374324
948,0.9862935578603135
9273,0.009188924205938592
8313,0.01293144805748613
1244,0.006846384498211267
1306,0.01124752120236062
6532,0.007363990271904144
8449,0.010035203023465108
9584,0.006968130939486695
830,0.014055304062883741
7158,0.009866772971319684
7545,0.007974134935029804
8934,0.9760946067485529
5324,0.9852129157379204
9429,0.09228488582004282
4910,0.008887570839194413
5708,0.008706102605657318
8422,0.0073608918486374915
3496,0.011105580793933976
4752,0.008165173599193509
8227,0.0069546472531464
5414,0.1673665816168339
2913,0.9794683165974325
4005,0.008000107542365326
4441,0.007739604816705791
4113,0.011022503293734878
4461,0.007676225058176692
6154,0.007698587191998467
7492,0.007305630841849316
9588,0.023943522672975587
8392,0.008493734674504419
7953,0.0077697600835602105
729,0.00981515617222674
3816,0.45997218238826
3673,0.0072837652543615555
8451,0.011924495696427659
4869,0.007189146655981326
7099,0.9835591001830896
3973,0.01458383105902889
1052,0.009361603471143865
263,0.9836774185092468
5642,0.007922645360982796
2565,0.03705995294789958
2556,0.007611301789295098
6392,0.007702641315410627
4636,0.9783620061970092
6140,0.9843898391976684
4274,0.1194912356158032
9779,0.028684690285404886
5662,0.015861465568375255
1699,0.007093837348898224
1936,0.012876279229193804
4192,0.9862599941831761
5036,0.007682181972710577
4100,0.9781363651189149
8037,0.03454722283815236
9581,0.007626298432347391
9507,0.010182425490630547
10022,0.007228741835446613
5193,0.008256059136450205
5791,0.013283662562220116
5902,0.007527994375927579
1387,0.014595177091805514
8454,0.9847353941164974
6625,0.009961856006939097
462,0.007197240818814174
3857,0.00732316617267929
451,0.007639575033085059
3377,0.00859091769429025
4233,0.006984994759706323
1538,0.011462468777210048
10014,0.017374540612111352
785,0.009333002541071373
3741,0.047946962662415354
1590,0.9731090111533628
6864,0.008770090464924067
6974,0.011042496556772134
3146,0.010563207006565389
7343,0.6752602549739263
545,0.08099246850898477
4365,0.00894082026538685
2188,0.12352235755986941
9223,0.008288089035058283
8717,0.9855689637252933
4729,0.009817657937479546
1532,0.00754162658322775
9860,0.011444497611359936
9801,0.00820082435476656
7332,0.007546924420787351
1177,0.8597535698031543
1522,0.008126412850368213
2940,0.021712325999379375
5657,0.007527686361338737
7974,0.007771864779323537
6555,0.946910520467177
5698,0.9823306369048266
5234,0.008377735245195545
1669,0.023723913846644826
2951,0.02078147904943065
2859,0.007609947368997584
6236,0.983402613426319
8951,0.01118095271389305
9387,0.011465024170216359
8066,0.008129332955456557
7135,0.009339040422764977
3923,0.008252282300061886
3149,0.009344773110892976
7047,0.011918579614440412
2574,0.04277480123197936
9889,0.010285716778404997
8386,0.007222571740390912
8804,0.024169703171149
6351,0.006971198874461463
2713,0.012001387901232514
6770,0.9825034381851527
4495,0.007392669365973011
717,0.00783805038272141
2690,0.007483010483199184
7266,0.007230322154513475
708,0.00957355018673567
6898,0.008632535882266661
7021,0.007229996010190077
7776,0.007073379904159773
3624,0.008388726029372032
9659,0.9758147033922845
1249,0.009341276790167826
81,0.9648546531662378
6160,0.007355660796327143
6280,0.00884088059980825
9672,0.033566428286430826
1682,0.9873043081074788
202,0.01796042958964139
9189,0.01606317870374629
8469,0.007864607691686913
4306,0.007109648696702465
1983,0.01260758227264159
6698,0.007182849492928567
4862,0.007816347351816792
1164,0.9848279659081016
605,0.019667180615257053
9497,0.007670988630968084
2146,0.00789970263320904
606,0.9857155254703436
4477,0.8781930754534372
5340,0.007626841424773079
5753,0.007667817326379466
8888,0.007134499779871216
1587,0.008061915792039007
739,0.007623501635014458
5422,0.009623666644634673
4554,0.975356844728504
4775,0.007845697529966292
8651,0.008304770525665207
4357,0.008465344893640326
9488,0.020975723205715054
3360,0.05994556263507938
1971,0.007965605973861407
7494,0.9724451876162664
7611,0.00724699040025097
6212,0.02709413442170007
5577,0.045558968872904566
3297,0.0072434479837812605
1336,0.007908320182091175
2875,0.007875423389510479
721,0.009034115979671126
8166,0.007201209791943055
6213,0.2891238065843495
7196,0.012154172366943206
3654,0.08169119019900951
1745,0.0079795787087508
8569,0.008900911300966262
4818,0.007721695803699221
8271,0.010155240071867133
9082,0.5910418954191734
2167,0.007239443004416906
7704,0.0099256681321573
4867,0.8459201923164089
10073,0.009121854775903071
1661,0.050037725122324184
5849,0.977911930468363
7716,0.03342340479202532
4513,0.007186196158884117
260,0.0068199484965701055
8144,0.007082573457353391
9567,0.007269959232858855
2513,0.007974554099854052
9976,0.007155917780546798
5470,0.009741330223357684
1577,0.013537510708002656
8909,0.0070110927070961325
7141,0.018251057121687432
1779,0.013933677774262328
7219,0.0076162832242196174
7432,0.006983080824916825
2541,0.018143318568036464
9682,0.008737738151739002
8891,0.909631269345935
8809,0.00882027644925204
8807,0.007825024041385865
3887,0.1766040831238181
9214,0.9829135681255899
9088,0.01029519336290552
1543,0.007987665245370522
786,0.010697844561246546
4469,0.00917048740428864
8808,0.007967965711603077
4287,0.007584907130951577
8415,0.007439342524734163
9781,0.9854458144214869
593,0.9494147522735966
4381,0.010570382626509164
6192,0.010845239857582246
5581,0.0072926358091035415
6300,0.020595827346074947
8014,0.009895700532836229
3376,0.011390260399941274
45,0.01358262617872709
1266,0.015488811216564256
9034,0.007353900637728476
9992,0.0074859875469916026
7451,0.008183456102155364
5409,0.008970766341075064
10089,0.983706129033009
1022,0.010979366406339284
1026,0.21527178864503804
7590,0.9865662591963219
1597,0.9864210005315683
6019,0.008633393438108672
4764,0.007079323587699616
1776,0.014097247000959236
3455,0.007006711839490017
9642,0.008943950731371619
5952,0.006926307341694751
6056,0.014479850874328376
8399,0.007158552718755425
2882,0.009867751464109092
6722,0.00783608983223503
6162,0.007822467720900499
8385,0.007657550201479448
4314,0.0295609837301958
7013,0.0073328120719634345
3391,0.009621729170604125
7939,0.00862830245815988
5526,0.007165788697841571
1940,0.020677005481001324
5658,0.007517651069002788
770,0.013649310898545196
9451,0.008182590718420441
5681,0.012833331026383885
8124,0.007175090965611921
10035,0.5225067255371848
8964,0.008154990209948627
5355,0.976951138499952
3950,0.031237049611459705
217,0.007606028153298144
9800,0.006896706349378354
8322,0.03726973935930049
8176,0.006883863315912137
4278,0.0077768844301682166
102,0.007398529079110004
9715,0.008612351999638302
9662,0.007318046316752895
752,0.008695845903983996
3976,0.008562416133298107
5541,0.007325715607490428
3935,0.9725817420018552
3486,0.0075803078517887685
1516,0.007405528820552918
4694,0.012153999384262983
6938,0.007599057343207271
2185,0.937401649729909
4959,0.0663642253252988
8325,0.9756458797564641
460,0.9857260429185012
507,0.015832301219239026
8151,0.00757231247124606
7488,0.9868379508110136
4929,0.0075601183307018325
3039,0.006999481884986469
2228,0.008888161002998374
4093,0.9691248290476469
6035,0.008161970228127717
530,0.007040966291627919
10082,0.014516668780644778
372,0.007399910388293339
1710,0.007503252148308025
7976,0.9079126457671806
2893,0.007536608033072418
4184,0.029600881895429795
2555,0.007563543030038506
4408,0.007575111173869283
7497,0.007044514181453779
7089,0.007476566071042141
9224,0.9323161706873624
2708,0.008160101716951492
1373,0.03094146011922509
5529,0.0223022902586891
6252,0.011265797213481855
9222,0.020285628039429737
9912,0.00784020097176015
144,0.007358018760736676
1251,0.008616736213430714
8474,0.007608262871641948
6579,0.006980687144903134
7139,0.007131693664767782
667,0.4094741907072716
1614,0.02239556855509357
6437,0.007738565437823857
2746,0.012310246180154957
8609,0.007775590416685069
7676,0.008335368173861065
4759,0.015315808338310664
9691,0.00711890703835866
2388,0.05056481129603418
9117,0.06048284109764693
9663,0.018655867945937817
1278,0.012696818102653865
4901,0.00702053132763553
5403,0.011051091125739194
8516,0.0077112891263779225
8729,0.006987476002441616
7875,0.007204018032610469
5784,0.006878052204606847
8839,0.5074118825663186
9312,0.05299415713966302
5204,0.03572083060687462
206,0.012350428897861306
5745,0.00852709859836864
8947,0.007788103528095211
5421,0.007374948158151543
1231,0.9859113928705567
9722,0.008373455264616123
1771,0.00850947329806546
1225,0.007866312120037416
1446,0.011680910276461133
6228,0.0077681856401096115
124,0.008612331420170198
6741,0.006925764737824643
750,0.006898603983299309
8483,0.985544370661302
8575,0.008416498581226348
2834,0.014404487684785375
9799,0.008215215964438803
6127,0.00998948120492436
7179,0.009401543365206502
9077,0.9864858491305633
9590,0.007023184384313944
4545,0.008259739348783376
4118,0.008326097634997174
4787,0.26511877847571313
2816,0.968427277584908
7291,0.011444694159010392
8626,0.0075827584729161
8403,0.01745442943350713
707,0.01011054715081144
4244,0.9838507514052842
6957,0.11380549376608011
7806,0.0074774231688268114
1932,0.9854299080485353
5721,0.9451393113636228
5397,0.008734996706935831
3387,0.014047547213492682
4881,0.010462996327923857
3371,0.97776940980019
8734,0.0070389741285727
14,0.04424668406667959
2062,0.015178048681135314
4837,0.007865841605574391
8941,0.008241849516697796
319,0.8447544160598096
2792,0.007806484015238761
874,0.007761424483929171
7002,0.009090463458895958
753,0.00696062982646902
9304,0.7475050352982352
7489,0.12734244766141586
5877,0.013106218917859737
8471,0.007226877396885243
9166,0.00817008104838822
7788,0.009084732964318163
9628,0.007448797266365879
9008,0.008125879847954076
6386,0.00873738348166197
8448,0.9821183332229607
5649,0.008293313733021966
7604,0.011502143991251965
2281,0.009371321998567049
8528,0.18102485597591345
4709,0.009853276253510998
7109,0.008536246549196259
3691,0.008413727441544437
3727,0.008169802660564888
6836,0.013248014747646152
7774,0.007701350513415191
497,0.006881534146449971
876,0.008269946781579808
6371,0.012045965285082349
2474,0.008622435223428086
3075,0.008198478569806114
5056,0.011257496877603124
5244,0.011274535384469696
4296,0.9840003407758577
3972,0.006966955631347879
6170,0.008223153846691103
1748,0.008292101937790545
5362,0.010607364406930435
8597,0.9767701791463482
4411,0.007052279377854267
1897,0.008591507689388638
2613,0.007400636890297097
9126,0.007042370377192808
3874,0.007134629186679399
10065,0.02126755978914125
1935,0.007673019191719477
7547,0.9871183445663326
2135,0.8909888277533057
5238,0.9535946917937217
768,0.11919598908648238
1657,0.016271102772400053
9627,0.00876288041064474
5026,0.007877376829378287
3436,0.0099259111956284
7515,0.0073611488670458115
823,0.007009622997256624
233,0.018333966433104722
7671,0.009084302445156229
6733,0.9831644516383443
9693,0.039733182537122824
8200,0.9775445635859333
9064,0.4591701607010548
8218,0.011192526102522611
5568,0.016882572315952433
3083,0.012437892735228988
8056,0.007359865747977249
2393,0.006902815377493
1100,0.00768230029693734
854,0.007792584081406609
356,0.3238450919849144
3294,0.009358019538777518
6231,0.15341851199131606
1688,0.008753236786686547
7651,0.012662463919853295
6602,0.5563511731311935
7326,0.007340871452673894
9040,0.8777770113253437
5943,0.006946229782846622
2220,0.02199684753263387
474,0.01178570716234692
2441,0.009041924097044532
4162,0.009219860596359304
1755,0.008708365268455448
8470,0.007285185924580215
5267,0.9754685126293734
352,0.01138678813931045
3413,0.00723648765170694
4002,0.010101040434848434
5249,0.9743777516110642
6779,0.009716962561542968
6943,0.007037823082638685
7661,0.009748282651893191
6117,0.007680881768860679
7713,0.013000497450119101
3109,0.007510753931995756
852,0.00721766973597586
3309,0.051722233595064795
1149,0.9854549075838622
2797,0.008256377139340383
9527,0.03655505415739866
3040,0.01709544551991701
7325,0.0069399084271582765
9400,0.95547027587139155
8197,0.9818773761101611
2009,0.00907351136601886
3304,0.008080406050667798
9185,0.009571127915472311
6968,0.010784616390092424
5895,0.0077864687202628515
6226,0.007362156308220539
4256,0.00966727425409889
1541,0.9844092306204033
3762,0.007648337767691118
821,0.007740634993760584
6942,0.012423005667717006
4858,0.023973938489409402
3235,0.008304816207984747
5295,0.9662766015267793
9568,0.01127691466762135
7768,0.008514670090946613
991,0.4142116013854861
10077,0.01251197535517268
6487,0.028269204727765784
3420,0.007643369247821838
4643,0.007497541326805098
5177,0.009450174726995953
4523,0.007938335249195742
4163,0.007234517886951061
1003,0.007001149547894322
8874,0.9702919860257729
6308,0.9859924672545404
1392,0.006900034143515615
5884,0.025119305098322733
10070,0.010627089508212362
1385,0.007954559940132678
3948,0.010940049955587347
9703,0.009094740445819075
8043,0.9827628673660972
362,0.01860063543860234
1795,0.8995265470037339
8967,0.008207390761762934
9808,0.9804843433275967
3623,0.008276193732515287
8968,0.008003388030380797
7147,0.007473469186260908
9636,0.013080661537377337
3995,0.0076150345599060995
7409,0.8327151255855726
8148,0.007833398748035174
4855,0.0075175290039297266
2078,0.007826089897303736
3291,0.008150467206869065
661,0.011869773949567564
6439,0.9679991033498895
5280,0.24302264684783703
7753,0.010378327609687007
709,0.007927085287940993
4543,0.007756791171758818
616,0.010004536375521903
6182,0.008862565131809904
5920,0.9389258500754468
9878,0.007076195689658171
2634,0.08146251707772953
5619,0.007909216429162421
5693,0.007146325248764817
4667,0.02006881892825983
6931,0.9781773017754865
8893,0.01689952924741637
8345,0.008651439518065216
4889,0.9848119255704202
18,0.00690005549187208
6446,0.007770259479929186
7330,0.03133520281066816
645,0.010862800002498204
4289,0.007460493401491554
6175,0.009755739256111371
5832,0.018826742330661155
5834,0.00691575360523445
3693,0.07291759771690892
1252,0.008388310272202744
3134,0.007205345818855365
4718,0.01376662352569405
6427,0.008863684212262113
702,0.012830741499504745
9229,0.006874025162900271
2255,0.011479642341529732
9059,0.022228303269074063
5797,0.009577532105349493
2890,0.017729936565194004
6172,0.007444206560720387
4783,0.00830215634524837
5858,0.007439655173752753
4199,0.007887942095257077
3422,0.007064995470603082
9386,0.01317841015080448
732,0.9827714264618935
8696,0.03798661527471426
7452,0.008020944057968507
6996,0.007418047313537128
9518,0.007239160708675185
571,0.008425921488988228
3752,0.008067780252359826
1025,0.008807405170990743
6663,0.008853262013461614
6534,0.008543104691596965
2905,0.008353258233651456
6453,0.009136185555559147
7103,0.0282532865087585
358,0.017496626013770063
6149,0.010960323297857028
10016,0.008483705889610471
4448,0.00738306829498015
1359,0.009123731026475826
6738,0.04669754329532218
4307,0.9821971138764736
9425,0.008468820826617495
2782,0.0073223402662083575
4816,0.007632382774147723
6399,0.9729748015883318
4455,0.010431188858472029
7143,0.0070988997675065
5100,0.0069723359371022696
3088,0.9301576194991903
5146,0.009432610710594773
5916,0.00962442266514099
8885,0.9141648060802016
7118,0.011839165662250774
3239,0.008881698453834016
2096,0.007931683333215131
1692,0.009551464389172712
9344,0.982799437015999
1069,0.007857849472363558
6174,0.9449982907867609
6993,0.007981530541823252
3181,0.011925146203818548
657,0.009334595794083184
4703,0.8401420364272407
9179,0.010019429438069043
3664,0.9778760572129211
9888,0.06346675701572502
9366,0.00975262418528221
1053,0.9270046128591197
8258,0.927722891168946
9857,0.010332259760547552
1399,0.00849199868451061
2314,0.007027365602287968
8425,0.01430120910804879
3022,0.007588988235957104
6227,0.9218685435457805
6697,0.007362054148841204
1310,0.007657821857807299
4463,0.01306054413486677
6944,0.9452841531535273
9822,0.9849929429371275
