id,damaged
11254,0
27716,0
29066,0
3373,0
1996,0
18061,0
22237,0
25346,1
21554,0
4273,0
28000,0
10137,1
11619,0
20372,0
29876,0
1678,0
29503,0
13479,0
22043,0
10841,0
14442,0
21870,0
13895,0
11434,0
12483,0
25843,0
6906,0
23577,0
16246,0
27705,0
16345,0
18997,0
23284,0
11687,0
4538,0
20146,0
4966,0
25661,0
28408,0
15074,0
4441,0
15220,0
19333,0
25959,0
1903,1
26367,0
4679,0
5870,0
20320,0
1765,0
14603,0
10855,0
20946,0
14055,1
28401,0
4748,0
27808,0
5500,0
13748,0
2665,0
16895,0
10454,0
2286,0
5276,0
26394,0
17657,0
13998,0
19035,0
8030,0
9153,0
1460,0
7470,0
11646,0
20548,0
29927,0
10446,1
28336,0
12519,0
12683,0
22128,1
15736,0
4135,0
18272,0
633,0
21284,0
27676,0
16538,0
22917,0
29734,0
29401,0
26671,0
12136,0
13019,0
19519,0
22874,0
17518,0
21246,0
27522,0
12973,0
27156,0
16216,0
18287,0
2204,0
9577,0
13678,0
16611,0
27,0
23248,0
18034,0
16224,0
15621,0
27763,0
28448,0
10857,0
10674,0
15286,0
7107,1
25950,0
13134,0
16507,0
10229,0
14244,0
11166,0
22635,0
11241,0
20956,0
20830,0
839,0
21927,0
15480,0
21201,0
12188,0
1904,0
3569,0
5122,0
17116,0
7601,0
14395,0
8853,0
16737,0
3972,0
24433,0
25404,0
15343,0
21572,0
1764,0
3402,0
3335,0
3411,0
27403,0
18048,0
19602,0
24205,0
6191,0
23530,0
1829,0
12959,0
22514,0
21302,0
9901,0
26967,0
9945,0
21051,0
6692,0
7124,0
11671,0
25345,0
12676,0
2041,0
29951,0
26484,0
10108,0
19879,0
16011,0
12416,0
26801,0
29235,0
10959,0
21304,0
22631,0
26870,0
9215,0
29497,0
17735,0
21748,0
7207,0
14461,0
9499,0
27718,0
16818,0
29888,0
15059,0
8316,0
15906,0
17155,0
12987,0
14181,0
12086,0
6189,0
5972,0
14628,0
10559,0
7112,0
663,0
3390,0
16664,0
14844,0
1055,0
6836,0
5026,0
14998,0
28464,0
15665,0
22952,0
6117,0
5778,0
28454,0
1166,0
10335,0
18592,0
28059,0
6121,0
17798,0
18342,0
210,0
7090,0
17240,0
23557,0
16705,0
2535,0
26855,0
15994,0
19149,0
5550,0
5789,0
24559,0
19287,0
11612,0
24274,0
13945,0
1696,0
20464,0
3549,0
4237,0
7552,0
18228,0
21755,0
29212,0
22873,0
5903,0
27262,0
9629,0
25512,1
26063,0
3119,0
24662,0
489,0
29785,0
542,0
25869,0
10181,0
5171,0
22167,0
11272,0
3895,0
16583,0
2824,0
22590,0
19390,0
16761,0
13578,0
27682,0
17464,0
21650,0
19911,0
2859,0
29397,0
28107,0
18639,0
1513,0
26541,0
24050,0
14672,0
9759,0
21470,0
19855,0
18868,0
11262,0
9909,0
25412,0
19053,0
17005,0
18206,0
14470,0
20718,0
6398,0
15354,0
15748,0
12571,0
29100,0
25635,0
9043,0
15738,0
7339,0
24372,0
28492,0
28011,0
732,0
19429,0
11149,0
11296,0
5073,0
1422,0
27730,0
18772,0
9467,0
8319,0
20490,0
19816,0
18100,0
4502,0
22161,0
9405,0
29219,0
277,0
19032,0
23904,0
5050,0
27125,0
4100,0
23084,0
27998,0
3674,0
1428,0
344,0
16543,0
10791,0
2637,0
331,0
2675,0
5399,0
21956,0
22407,0
11210,0
29860,0
1122,0
6582,0
8467,0
6686,0
8937,0
1153,0
10221,0
399,0
7825,0
19533,0
7130,0
13821,0
5858,0
11332,0
5044,0
5174,0
4909,0
16826,0
24102,0
11563,0
18241,0
27426,0
12355,1
22250,0
29943,0
11652,0
20167,0
23041,0
2394,0
26624,0
8028,0
7762,0
19721,0
2003,0
11159,0
10020,0
14087,0
20767,0
28988,0
28518,0
22342,0
26214,0
6502,0
19212,0
9142,0
20552,0
286,0
8125,0
6541,0
25501,0
2561,0
17196,0
5622,0
940,0
29705,0
3413,0
18150,0
26076,0
9671,0
23899,0
22657,0
989,0
18621,0
18981,0
27095,0
16799,0
22085,0
8469,0
28157,0
20745,0
17474,0
5247,0
20690,0
27896,0
26817,0
4096,0
27243,0
29865,0
11906,0
7949,0
3065,0
4337,0
17384,0
10580,0
7987,0
21704,0
10126,0
117,0
2458,0
22020,0
17202,0
15403,0
4745,0
17211,0
22602,0
13064,0
6098,0
20474,0
28566,0
10671,0
2602,0
7916,0
27892,0
6523,1
20454,0
7846,0
14311,0
27191,0
609,0
9879,0
24178,0
27505,0
18092,0
6569,0
11933,0
1481,0
23593,0
28163,0
28362,0
21356,0
18482,0
12196,1
23288,0
18138,0
19233,0
29995,0
3262,0
16197,0
12997,0
12099,0
16524,0
2794,0
7536,0
7353,0
13529,0
9204,0
24766,0
4325,0
12472,0
26158,0
27510,0
691,0
10509,0
15114,0
22268,0
5808,0
22440,0
10165,0
18481,0
8145,0
8359,0
4661,0
2095,0
16307,0
14084,0
8421,0
11590,0
1728,0
11725,0
25026,0
23456,0
8866,0
19829,0
22184,0
11122,0
27346,0
251,0
29456,0
20997,0
6892,0
11184,0
11510,0
18918,0
1249,0
12033,0
10620,0
27726,0
18416,0
14088,0
21820,0
7475,0
27839,0
23377,0
923,0
16104,0
10792,0
28626,0
3505,0
17216,0
24488,0
8418,0
26348,0
12991,0
23860,0
670,0
4711,0
11774,0
9068,0
3078,0
154,0
12238,0
10115,0
25176,0
7454,0
9772,0
10457,0
23037,0
14730,0
24606,0
26933,0
5047,0
21242,0
8536,0
12766,0
15977,0
28091,0
24194,0
16671,0
1701,0
8475,0
12725,0
2047,0
5685,0
6434,0
8561,0
10422,0
1366,0
6638,0
21961,0
23780,0
3104,0
12585,0
14590,0
19228,0
18992,0
18572,0
25492,0
18004,0
19367,0
18257,0
14761,0
15548,0
23716,0
17411,0
24377,0
18635,0
16588,0
5060,0
18296,0
24113,0
1237,1
16095,0
24385,0
12298,0
19219,0
24430,0
332,1
7798,0
12975,0
11864,0
11820,0
19413,0
6611,0
26300,0
22416,0
734,0
20665,0
13864,0
1435,0
12645,0
773,0
6664,0
3881,0
24986,0
27921,0
27819,0
12971,0
15618,0
17655,0
27111,0
27068,0
26072,0
25957,0
15814,0
2785,0
5070,0
19504,0
11293,0
18452,0
18632,0
28888,0
13423,0
19041,0
19629,0
6378,1
9679,0
2770,0
6724,0
3098,0
23473,0
6405,0
4178,0
26024,0
29249,0
13220,0
27430,0
10208,0
1945,0
7930,0
18306,0
24460,0
25939,0
18135,0
27753,0
26733,0
5053,0
8062,0
8601,0
7676,0
12177,0
6473,0
14888,0
29179,0
6172,0
8588,0
11913,0
25801,0
1403,0
21908,0
17283,0
8604,0
29725,0
21294,0
19216,0
7603,0
27323,0
21779,0
15514,0
21142,0
16685,0
24615,0
9263,0
25632,0
19252,0
27227,0
5270,0
6927,0
16678,0
24193,0
25897,0
9918,0
18161,0
23054,0
6882,0
27983,0
18849,0
5871,0
15141,0
1222,0
28632,0
24797,0
27670,0
4260,0
26641,0
2539,1
3128,1
28035,0
20993,0
27321,0
24309,0
3886,0
13643,0
6934,0
28781,0
6153,0
16683,0
4170,0
17725,0
714,0
21963,0
13395,0
5376,0
9997,0
21655,0
22196,0
16171,0
1600,0
3848,0
1850,0
19909,0
21623,0
10581,0
3851,0
18354,0
16057,0
15214,0
4635,0
27397,0
4026,0
12088,1
11054,0
7387,0
10623,0
26929,0
10101,0
17033,0
19023,0
24940,0
25048,0
23770,0
28978,0
23280,0
22315,0
28537,0
19096,0
29967,0
25049,0
5649,1
2851,0
18810,0
580,0
23815,0
22861,0
11032,0
26601,0
4595,0
26238,0
10379,0
9725,0
5144,0
27048,0
9758,0
2185,0
9058,0
6674,0
12531,0
6901,0
8816,0
20343,0
13921,0
27370,0
3328,0
11656,0
10823,0
8072,0
5728,0
14306,0
16863,0
9935,0
1311,0
21073,0
27886,0
19801,0
29553,0
19177,0
12854,0
5077,0
18622,0
11811,0
19594,0
10060,0
16563,0
20757,0
3504,0
2880,0
18210,0
8544,0
16193,0
28721,0
24739,0
5997,0
16755,0
11672,0
20706,0
25887,0
24740,0
28788,0
333,0
5148,0
3409,0
2485,0
12275,0
28676,0
9090,0
17104,0
25741,0
13876,0
7069,0
7420,0
2431,0
19305,0
2936,0
8726,0
25552,0
856,0
16303,0
8486,0
26439,0
25998,0
24658,0
24142,0
25382,0
17557,0
12157,0
17666,1
19248,0
7783,0
17203,0
23956,0
21939,0
21652,0
23985,0
29114,0
1279,0
18840,0
5560,0
985,0
29025,0
23066,1
22465,0
22049,0
4443,0
15419,0
12371,0
25079,0
22628,0
24901,0
3520,0
9883,0
17994,0
9462,0
13983,0
21157,0
7561,0
1605,1
24600,0
29911,0
20213,0
19713,1
19619,0
23576,0
9728,0
9760,0
428,0
10672,0
1056,0
25040,0
8245,0
26023,0
20731,0
25973,0
10041,0
25413,1
12410,0
12879,0
6247,0
28189,0
158,0
5433,0
4930,0
27567,0
23848,0
4675,0
18329,0
29897,0
9391,0
6075,0
11889,0
27678,0
3329,0
5630,0
9666,0
5454,0
1684,0
4937,0
976,0
21776,0
29126,0
26424,0
19980,0
23160,0
26318,0
27498,0
4906,0
26434,0
22742,0
7555,0
10084,0
14850,0
8483,0
9341,0
8579,0
26724,0
13495,0
28347,0
20165,0
25608,0
8817,0
5381,0
3041,0
13111,0
10293,0
6246,0
28849,0
10835,0
3361,0
28989,0
9706,0
23150,0
11189,0
19529,0
18712,0
8417,1
18630,0
9839,0
2432,0
11148,0
1545,0
28317,0
29875,0
6017,0
7952,0
28339,0
28399,0
8208,0
19493,0
15430,0
14038,0
1364,0
13452,0
4257,0
9030,0
26569,0
29500,0
20858,0
13124,0
2830,0
19338,0
11314,0
22333,0
4798,0
28270,0
7544,0
29901,0
4573,0
24364,0
20628,0
12851,0
6442,0
28777,0
29274,0
4960,0
3871,1
26962,0
17996,0
25387,0
15297,0
18444,0
2999,0
13467,0
11926,0
25361,0
19278,0
9226,0
9790,0
21366,0
448,0
1227,0
23535,0
14340,0
17225,0
26470,0
14597,0
22270,0
17086,0
8345,0
29337,1
12458,0
9328,0
28944,0
5057,0
18288,0
27152,0
11604,0
23793,0
12432,0
16432,0
26176,0
21996,0
19699,0
17220,0
15740,0
3770,0
16277,0
7520,0
23379,0
752,0
17694,0
26878,0
29146,1
16999,0
23393,0
18973,0
3575,0
14556,0
2130,0
22432,0
29184,0
17570,0
2510,0
23930,0
1158,0
12776,0
15326,0
4156,0
4352,0
5141,0
25379,0
5996,0
3131,0
21032,0
12752,0
23279,0
13917,0
28953,0
21530,0
12348,0
2029,0
18273,0
17815,0
6052,1
16298,0
9447,0
182,0
1358,0
29828,0
26168,0
11696,0
13303,1
18480,0
15696,0
2692,0
10767,0
1002,0
29047,0
10131,0
447,0
15294,0
23115,0
16617,0
8294,0
22984,0
14771,0
19662,0
9863,0
25161,0
8946,0
18862,0
14371,0
24291,0
2111,0
15892,0
16469,0
14303,0
29688,0
3047,0
18682,1
14877,0
5875,0
28086,0
19769,0
19550,0
4678,0
21230,0
24486,0
9294,0
18603,0
7585,0
2920,0
2624,0
25438,0
12247,0
8381,0
9781,0
18349,0
26704,0
2984,0
2630,0
9164,0
27340,0
23227,0
21771,0
9749,0
3591,0
3542,0
18432,0
1151,0
23627,0
13627,0
2834,0
22369,0
1772,0
20378,0
3923,0
7631,0
2850,0
28694,0
11343,0
28282,0
18498,0
9339,0
20923,0
11453,0
9478,0
3649,0
7545,0
19687,0
8586,0
28633,0
14504,0
12922,0
24689,0
21588,0
26391,1
14952,0
7056,0
11461,0
24536,0
568,0
13048,0
24609,0
22320,0
22664,0
20171,0
10807,0
21135,0
27697,0
22146,0
4924,0
28346,0
23341,0
5242,0
5010,0
25713,0
16006,1
6365,0
10953,0
14577,0
17174,0
4121,0
27621,0
15338,0
28245,0
4253,0
28451,0
18411,0
12060,0
23027,0
25772,0
29027,0
27001,0
12910,0
23797,0
4144,0
23654,0
6124,0
5804,0
26940,0
16663,0
11778,0
16815,0
11791,0
9674,0
7853,0
16521,0
23337,0
6508,0
2062,0
17441,0
15098,0
9734,0
22792,0
6194,0
4770,0
16143,0
21835,0
16604,0
2118,0
14372,0
3435,0
27146,1
7032,0
6456,0
19253,0
20873,0
21997,1
18781,0
17717,0
7775,0
5713,0
16827,0
3907,1
108,0
264,0
6500,0
16195,0
7191,0
6444,0
7503,0
20452,0
7857,0
10734,1
1300,0
8000,0
28239,0
13735,0
4964,0
25151,0
28389,0
10922,0
14000,0
26041,0
135,0
19391,0
8670,0
22054,0
17253,0
1429,0
14012,0
24504,0
9276,0
1142,0
4103,0
17451,0
22773,0
11325,0
7604,0
20274,0
4527,0
14825,0
26175,0
16496,0
2482,0
994,0
11868,0
3541,0
21892,0
10364,0
2077,0
23990,0
21167,0
26608,0
2441,0
2017,0
27283,0
3969,0
20809,0
29858,0
11505,0
22848,0
1505,0
12236,0
17327,0
5800,0
9727,0
13778,0
20166,0
3850,0
23725,0
6662,0
20198,0
11413,1
23172,0
25639,0
4023,0
18560,0
15800,0
22919,0
21658,0
13595,0
6534,0
7519,0
15271,0
21192,0
28426,0
17484,0
21936,0
5202,0
18106,0
3985,0
22574,0
22088,0
26583,0
1867,0
19368,0
20875,0
3573,0
8557,0
14971,0
28904,0
21096,0
4372,0
8117,0
6009,0
3561,0
27459,0
11620,0
21824,0
4877,0
25954,0
19000,0
22561,0
17758,0
9106,0
2470,0
17482,0
18463,0
23661,0
3836,0
25020,0
17369,0
29208,0
8424,0
3606,0
18964,0
6314,1
6462,0
6592,0
6352,0
3271,0
2544,0
15463,0
13469,0
265,0
11796,0
12071,0
8148,0
18833,0
16727,0
12312,0
501,0
10356,0
14813,0
12126,0
24135,0
24058,0
12186,0
3491,0
26104,0
26320,0
12366,0
26759,0
17680,0
25653,0
4781,0
2571,0
28587,0
24174,0
5126,0
19718,0
10505,0
29679,0
3681,0
12524,0
19418,0
27376,0
9904,0
20541,0
9175,0
2001,1
12721,0
9053,0
19314,0
4590,0
16395,0
7842,0
12351,0
13222,0
1338,0
42,0
19738,0
13477,0
7125,0
17844,0
22067,0
21273,0
26067,0
26993,0
1331,0
10514,0
11308,0
20909,0
1968,0
12853,1
21319,0
10927,0
546,0
23596,0
28778,0
22495,0
16984,0
3028,0
26074,0
27622,1
7721,0
228,0
17769,0
11826,0
24849,0
3437,0
27701,0
19622,0
6394,0
26776,0
9957,0
15636,0
21471,0
11469,0
9229,1
1362,0
27143,0
17342,0
18670,0
17773,0
577,0
26333,0
9407,0
2310,0
2476,0
22,0
26280,0
15759,1
19193,0
14065,0
6151,0
28947,0
6527,0
20353,0
1529,0
18815,0
185,0
2214,0
21301,0
2688,0
22199,0
18441,0
26546,0
340,0
29764,0
13517,1
14720,0
6652,0
5806,0
18857,0
14969,0
26789,0
11670,0
9622,0
4663,0
444,0
24905,0
23344,1
7801,0
1117,0
29737,0
17082,0
14538,0
18084,0
10718,0
14446,0
10127,0
1676,0
29458,0
22949,0
24922,0
13556,0
12213,0
21373,0
18539,0
20530,0
4149,0
6367,0
14350,0
6987,0
4439,0
13355,0
10341,0
22309,0
14110,0
5819,0
22339,0
7614,0
23779,0
28421,0
21026,0
5938,0
26845,0
15987,0
24083,0
25972,0
26190,0
1917,0
12774,0
23047,0
28720,0
29643,0
16111,0
12924,0
7295,0
10431,0
8050,0
29634,0
9057,0
638,0
12989,0
29792,0
24693,0
8735,0
15519,0
14317,0
697,0
23046,0
21394,0
10062,0
15116,0
7152,0
26425,0
2879,0
16713,0
24043,0
1112,0
1021,0
16346,0
1905,0
24242,0
8403,0
2094,0
953,0
13933,0
19256,1
6601,0
1388,0
5142,0
16566,0
15424,0
21479,0
9785,0
5108,0
18414,0
17907,0
6182,0
3745,0
19844,0
26139,0
24276,0
7441,0
5664,0
19944,0
14098,0
4432,0
17590,0
22448,0
11096,0
15909,0
25873,0
19589,0
9061,1
17638,0
22011,0
5475,0
9033,0
10106,0
8012,0
1407,0
1438,0
14320,0
4076,0
15763,0
25039,0
13345,0
18730,0
8084,0
12621,0
19966,0
12297,0
23957,0
10301,0
22166,0
3682,0
5005,0
11113,0
22573,0
2997,0
25213,0
3786,0
17609,0
831,0
21475,0
20906,0
14008,0
8732,0
2983,0
22937,0
20141,0
2007,0
22715,0
19415,0
9012,0
25457,0
4209,0
14560,0
3097,0
8154,0
24066,0
531,0
11440,0
10123,0
17682,0
20466,0
26278,0
14931,0
14374,0
1593,0
5360,0
10709,0
8288,0
7966,0
17029,0
24584,0
29308,0
26207,0
18127,0
28617,0
19620,0
8422,0
21548,0
22637,0
19710,0
10866,0
672,0
23723,0
2505,0
28667,0
12626,0
17775,0
9041,0
12584,0
6046,0
17371,0
5134,0
13073,0
28455,0
5526,0
5089,0
8855,0
6707,0
18018,0
20629,0
1258,0
22014,0
5177,0
29490,0
27341,0
25286,0
28061,0
512,0
18323,0
27362,0
17390,0
12152,0
20693,0
3792,0
14716,0
12150,0
13888,0
23854,0
27661,0
3602,0
20143,0
19494,0
26987,0
19357,0
1666,0
10810,0
5795,0
16439,0
11205,0
13077,0
7737,0
5653,0
19136,0
17447,0
18506,0
715,0
7713,0
10135,0
18812,0
8595,0
20074,0
27361,0
6873,0
11239,0
17156,0
22933,0
25709,0
18834,0
18184,0
14606,0
11971,0
8760,0
23462,0
25216,0
25619,0
22844,0
20194,1
28826,0
1992,0
24751,0
3934,0
26679,0
2396,0
7259,0
2037,0
21219,0
19384,0
7072,0
23350,0
12234,0
1813,0
16131,0
3768,0
13924,0
3117,0
27558,0
743,0
14277,0
5081,0
17299,0
1774,0
14527,0
28358,0
11520,0
15895,0
9195,0
23934,0
28241,0
23787,0
2604,0
9234,0
24456,0
4717,0
6294,0
884,0
19153,0
24438,0
5683,0
5721,0
20571,0
1471,0
16211,0
25197,0
23783,0
2902,0
13832,0
13188,0
6067,0
19073,0
29181,0
2167,0
11751,0
19007,0
19208,0
395,0
4489,0
2848,0
3697,0
29267,1
25471,0
12635,0
12259,0
10420,0
220,0
28726,0
23652,0
29292,0
7027,1
21456,0
19416,0
8447,0
18415,0
19989,0
27168,0
9987,0
11236,0
18090,0
10138,0
12019,0
20348,1
29896,0
13356,0
10644,0
27851,0
22332,0
27331,0
1019,0
6208,0
12211,0
24789,0
1391,0
17857,0
6262,0
4265,0
16021,0
12388,0
18524,0
19332,0
10994,0
23813,0
16706,0
12664,0
8859,0
1892,0
15425,0
22024,0
22778,0
16105,0
1023,0
6729,0
29483,0
17505,0
10304,1
27516,0
13149,0
5313,0
6639,0
28204,0
19268,0
24620,0
13022,0
8402,0
17546,0
5244,0
27263,0
25689,0
27575,0
27413,0
3074,0
12208,0
29372,0
10177,0
24875,0
17312,0
21589,0
17310,0
25083,0
24053,0
2900,0
27353,0
28766,0
8036,0
1090,0
5588,0
21926,0
27840,0
11892,0
13067,0
24386,0
16783,0
19439,0
18606,0
16049,0
25610,0
23499,0
19285,0
4880,0
27427,0
29354,0
27826,0
20604,0
6319,0
17018,0
18267,0
26349,0
17051,0
26893,0
21113,0
17466,0
28308,0
13813,0
25895,0
11675,0
22827,0
12146,0
16970,0
25616,0
21842,0
17579,0
27990,0
9399,0
16542,0
14653,0
28044,0
13661,0
8654,0
11803,0
14477,0
8587,0
2633,0
22557,0
4222,0
5631,0
8160,0
7256,0
5450,0
25656,0
28206,0
7827,0
4775,0
7521,0
5501,0
23493,0
5163,0
24182,0
15904,0
28866,0
13569,0
13647,0
9500,0
21629,0
2669,0
5746,0
19907,0
20512,0
13083,0
20776,0
26311,0
7020,0
6234,0
9167,0
9207,0
7171,0
347,1
8459,0
3489,0
10215,0
18248,0
24109,0
23230,0
24626,0
13304,0
10723,0
10116,0
13901,0
13478,0
16446,0
18477,0
17920,0
15411,0
21502,0
29545,0
4098,0
14558,0
16410,0
24087,0
28395,0
20338,0
12576,0
20286,0
12420,0
29217,0
4497,1
14022,1
20001,0
9750,0
19554,0
4398,0
29213,0
6524,0
15508,0
1133,0
17152,0
29681,0
15943,0
29919,0
14522,0
24880,0
29153,0
18910,0
10248,0
23914,0
8514,0
12112,0
1931,0
22452,0
18999,0
15653,0
14222,0
20365,0
10141,0
16308,0
13057,0
15793,0
1386,0
14787,0
8997,0
6850,0
28775,0
8940,0
26109,0
27941,0
29004,0
25720,0
485,0
26196,0
25747,0
27387,0
6889,0
11503,0
2713,0
7712,0
20549,0
16215,0
1001,0
26170,0
5032,0
23036,0
7201,0
19977,0
18163,0
772,0
6506,0
2625,0
1864,0
17867,0
8109,0
24561,0
13154,0
18360,0
11988,1
10861,0
27972,0
25222,0
27907,0
15479,0
22591,0
14141,0
1048,0
14822,1
23490,0
12456,0
5957,0
26677,0
17604,0
26477,0
10231,0
26147,0
24165,0
18657,0
17149,0
20516,0
327,0
8883,0
8508,0
23528,0
15550,0
12689,0
6053,0
29480,0
9825,0
17850,0
15741,0
3300,0
31,0
5538,0
19473,0
11416,0
24682,0
28625,0
16196,0
2748,0
26428,0
19586,0
528,0
23434,0
11635,0
15768,0
22595,0
6427,0
24134,0
16166,0
24508,0
22326,0
11593,1
19168,0
21664,0
10844,0
18895,0
11638,0
22840,0
19075,0
23425,0
29568,0
17566,0
1125,0
20374,0
19251,0
12637,0
17969,0
24111,0
27138,0
1161,0
23984,0
26312,0
8,0
13252,0
12980,0
21380,0
9484,0
7855,0
25664,0
20726,0
24630,0
6261,0
19389,0
22459,0
26823,0
11669,0
22372,0
6455,0
19472,0
10093,0
11282,0
8387,0
10266,0
9723,0
17975,0
12998,0
16273,0
7078,0
2746,0
24741,0
3113,0
2700,0
534,0
12578,0
175,0
20888,0
2475,0
1212,0
5440,0
28225,0
16423,0
18164,0
1964,0
27538,0
27835,0
1673,0
29716,0
2586,0
22456,0
19167,0
18573,0
25819,0
24967,0
17358,0
18467,0
7298,0
10931,0
18938,0
12535,0
16736,0
24112,0
24257,0
6787,0
10541,0
24348,0
17703,0
18012,0
6156,0
22113,0
8667,0
11993,0
20912,0
23464,0
22323,0
12803,0
4259,0
3619,0
18950,0
14447,0
2020,0
13890,0
20501,0
570,0
2647,0
25316,0
18111,0
24890,0
18666,0
29532,0
21534,0
23069,0
3720,0
7512,1
18136,0
10441,0
368,0
8211,0
25241,0
21240,0
16905,1
9495,0
16264,0
13291,0
973,0
9753,0
28279,0
25738,0
25468,0
10218,0
2534,0
20592,1
22175,0
29360,0
29284,0
9878,0
16900,0
14975,0
5671,0
28992,0
18124,0
3040,0
20517,0
29962,0
14586,0
5549,0
18011,0
7094,0
3642,0
19107,0
11601,0
597,0
3614,0
24816,0
24326,0
5290,1
16202,0
14676,0
19704,0
18431,0
16760,0
24628,0
9049,0
29750,0
19582,0
12666,0
4604,0
16381,0
19203,0
28589,0
22027,0
15527,0
28932,0
2726,0
27344,0
4701,0
14673,1
16577,0
464,0
25870,0
7838,0
5684,0
11,0
17221,0
3434,0
8462,0
1870,0
14178,0
14596,1
9963,0
18928,0
9590,0
19382,0
1079,0
28425,0
22706,0
3867,1
5907,0
1865,0
17672,0
2188,0
28771,0
17162,0
5751,0
19553,0
21334,0
10871,0
2443,0
12713,0
20988,0
10667,0
1087,0
17681,0
24253,0
27117,0
3665,0
9455,0
26330,0
25014,0
23108,0
21003,0
12406,0
6027,0
16385,0
29280,0
3339,0
13885,0
13516,0
5488,0
10577,0
5834,0
28194,0
3029,0
18729,0
15052,0
2550,0
24617,0
25927,0
12694,0
16771,0
25312,0
7210,0
13523,0
19581,0
13892,0
7342,0
1468,0
18942,0
25999,0
12357,0
26421,0
5121,0
21928,0
22810,0
615,0
4587,0
413,0
1453,0
21094,0
10985,0
13268,0
26555,0
17244,0
1580,0
27659,0
4736,0
26117,0
5066,0
924,0
7354,0
13686,0
26473,0
3086,1
23486,0
10915,0
25521,0
20406,0
554,0
24221,0
29415,0
15734,0
20287,0
21229,0
3639,0
19321,0
3133,0
19510,0
14944,0
7670,0
16994,0
15230,0
7869,0
7617,0
29652,0
27995,0
22240,0
9531,0
13062,0
19904,1
120,0
15462,0
22579,0
9136,0
7401,0
4610,0
25293,0
28801,0
13794,0
724,0
7892,0
4401,0
15080,0
7035,0
6694,0
3032,0
16866,0
12846,0
999,0
13410,0
22445,0
23862,0
12083,0
18512,0
21885,0
9954,0
3603,0
7766,0
21621,0
28287,0
9438,0
25744,0
26503,0
26389,0
9943,0
6698,0
26614,0
22586,0
27431,0
23165,0
761,0
13195,0
16232,0
467,0
5377,0
22489,0
25844,1
10419,0
20007,0
7203,0
26522,0
2965,0
4204,0
24969,0
12507,0
453,0
11702,0
12000,1
19281,0
20445,0
20633,1
17537,0
7007,0
11030,0
29601,0
16327,0
6447,0
18689,0
4258,0
891,0
23657,0
4348,0
8378,0
19170,0
12447,0
8281,0
8452,0
16694,0
28329,0
22039,0
12705,0
28810,0
25331,0
9578,0
11995,0
28569,0
7898,0
23983,0
21104,0
7012,0
5427,0
27009,0
26045,0
710,0
18605,0
8949,0
13308,0
162,0
27479,0
21577,0
20634,0
13373,0
28687,0
4080,0
15843,0
29310,0
8693,0
2368,0
29632,0
28951,1
3796,0
2777,0
19295,0
2594,0
28824,0
3887,0
21712,0
12684,1
16981,0
9291,0
29088,0
5980,0
12831,0
26924,0
11393,0
23973,0
25124,0
10102,0
21818,0
20040,0
21604,0
25842,0
26827,0
24381,0
3430,0
18029,0
19158,0
24721,0
7443,0
17394,0
7785,0
17603,0
24358,0
5675,0
12391,0
28603,0
3888,0
13990,0
20668,0
4567,0
18800,0
29539,0
27375,0
22482,0
16014,0
9645,0
6218,0
13975,0
28887,0
25649,0
22793,0
26540,0
6135,0
7161,0
22783,0
18596,0
13264,0
28883,0
8271,0
22162,0
11874,0
6635,0
13845,0
16488,0
22883,0
17304,0
15607,0
25226,0
14820,0
3641,0
805,0
27100,0
12003,0
24532,1
27240,0
25470,0
10437,0
18195,0
17111,0
20721,0
25269,0
1278,0
14101,0
13430,0
22380,0
9258,0
25636,0
15129,0
1043,0
20298,0
13136,0
14647,0
23711,0
8882,0
12421,0
2008,0
29169,0
29797,0
29494,0
11384,0
3255,0
7865,0
8975,0
12966,0
11633,0
27663,0
12212,0
24763,0
22756,0
2988,0
5886,0
6482,0
21484,0
8757,0
9259,1
12802,0
29648,0
21166,0
27949,0
26338,0
7216,0
27213,0
342,0
3636,0
25104,0
6858,0
27821,0
16209,0
10833,0
18261,0
20792,0
15437,0
16089,0
5223,0
8585,0
23717,1
13456,0
13701,0
29638,0
19901,0
24506,0
14466,0
20630,0
29804,0
28956,0
6089,0
5309,0
23662,0
9023,0
23151,0
20131,1
22534,0
19020,0
2237,0
12572,0
21117,0
14287,0
363,0
1627,0
2251,0
9773,0
6214,0
12281,0
24300,0
5682,0
27330,0
7019,0
1218,0
22431,0
16050,0
24649,0
26530,0
26943,0
8492,1
19526,0
12755,0
24524,0
8599,0
29090,1
2922,0
17513,0
1686,0
21607,0
4726,0
7105,0
19029,0
5234,0
12411,0
8097,0
24354,0
21720,0
22178,0
17782,0
17813,0
28502,0
8267,0
29790,0
3363,0
6779,0
6904,0
2967,0
23305,0
17843,0
18990,0
18289,0
24879,0
25756,0
6108,0
15901,0
21034,0
29064,0
27769,0
19447,0
3382,0
5540,0
26615,0
2786,0
20481,0
21811,0
29733,0
22846,0
27005,0
7967,0
27712,0
24108,0
13836,0
7779,0
12943,0
20815,1
20632,0
26672,1
22202,0
29684,0
7820,0
3292,0
5532,0
12577,0
5312,0
16267,0
22956,0
17643,0
26693,0
14523,0
14894,0
9189,0
963,0
21446,0
26247,0
21102,0
20966,0
25373,0
1730,0
1467,0
1040,0
23496,0
20082,0
274,0
6711,0
2832,0
8193,0
15811,0
28116,0
7637,0
16331,0
7237,0
22716,0
9522,0
16701,0
3954,0
11488,0
3963,0
807,0
13946,0
21217,0
28660,0
29319,0
15964,0
23052,0
19665,0
11685,0
5281,0
16110,0
2508,0
13420,0
13238,0
16519,0
21784,0
24045,0
109,0
1703,0
13407,0
29340,0
27165,0
27489,0
7678,0
7082,0
29617,0
16632,0
4266,0
2932,0
4864,0
8415,0
25753,0
6370,0
1459,0
27895,0
909,0
22582,0
19866,0
19557,0
8841,0
10067,0
15675,0
29747,0
7515,0
17331,0
848,0
11748,0
28577,0
689,0
4281,0
2857,0
29506,0
7047,0
8005,0
6387,0
3510,0
10746,0
25565,0
15414,1
5836,0
6187,0
26219,0
12329,0
27853,1
7516,0
5216,0
23474,0
20879,0
27765,0
2489,0
16971,0
10929,0
26438,0
20446,0
14412,0
5300,0
22379,0
21866,0
2358,0
11896,0
2308,0
7954,0
8044,0
16412,0
3035,0
17826,0
13957,0
20322,0
10083,0
20228,0
7501,0
1975,0
22455,0
14997,0
12266,0
8612,0
21794,0
1076,0
17607,0
17142,0
25215,0
1145,0
10701,1
24319,0
15553,0
26666,0
5444,0
2464,0
541,0
14042,0
25193,1
26020,0
29591,0
17195,0
3590,0
23278,0
27739,0
28971,0
29294,0
12283,0
12633,0
16102,0
21959,0
2269,0
12796,0
9926,0
13187,0
12731,0
26416,0
15192,0
23643,0
1697,0
4779,0
26133,0
6884,0
11589,0
29666,0
21290,0
7620,0
24853,0
6747,0
18674,0
17670,0
28534,0
29728,0
27719,0
16723,0
3442,0
29956,0
28699,0
7266,0
15521,0
4581,0
24818,0
19057,0
1378,0
26986,0
22131,0
24645,0
27685,0
5268,0
6404,0
28816,0
28175,0
22089,0
610,1
21147,0
28644,0
16627,0
8510,0
14967,0
18420,0
27425,1
22849,0
23567,0
18147,0
14691,0
17810,0
22436,0
15821,0
3204,0
27395,0
6498,0
23289,0
23847,0
12782,0
1285,0
27860,0
19128,0
24680,0
7504,0
21407,0
23611,0
3784,0
5111,0
11504,0
5982,0
19163,0
26324,0
26060,0
11457,0
9611,0
24771,0
20758,0
22627,0
22430,0
297,0
7254,0
3087,0
12770,0
995,0
25655,0
11595,0
10945,0
21390,0
5759,0
18391,0
24181,0
21058,0
2006,0
26250,0
17998,0
12614,0
20042,0
7517,0
22344,0
24995,0
12365,0
12735,0
17792,0
28371,0
18491,0
29701,0
6111,0
29426,0
1835,0
29482,0
22710,0
20462,0
3354,0
11574,0
26607,0
8357,0
3959,0
16537,0
23189,0
8779,0
22058,0
15872,0
2901,0
13695,0
11182,0
2135,0
5097,0
7826,0
19090,0
29365,0
4916,0
12688,0
6714,0
13634,0
12880,0
5904,0
21897,0
4275,0
13363,0
6571,0
24065,0
4198,0
1066,0
25612,0
9042,0
15888,0
29318,0
23290,0
8099,1
21980,0
15205,0
14243,0
23916,0
20687,0
16965,0
15755,0
24925,0
24244,0
12446,0
23573,0
6870,0
25755,0
19896,0
2644,0
5925,0
1024,0
5201,0
29673,0
28959,0
25561,0
5900,0
10906,0
5160,0
13182,0
23049,0
23488,0
16265,0
25569,0
26114,0
28764,0
17448,0
22405,0
27634,0
1304,0
4342,0
25662,0
1009,0
8107,0
27932,0
12602,0
5761,0
11605,0
1032,0
2937,0
10555,1
22458,0
4737,0
28316,0
13080,0
12023,0
4064,0
28553,0
6227,0
8116,0
17952,0
29007,0
11749,0
5735,0
2959,0
27153,0
412,0
27619,0
25324,0
26873,0
1550,0
3367,0
28960,0
18229,0
3538,0
1115,0
28028,0
27080,0
249,0
26061,0
12549,0
7057,0
815,0
12814,0
8201,0
21765,0
23251,0
11854,0
14386,0
13985,0
29958,0
25577,0
28921,0
26961,0
25784,0
19,0
6810,0
26458,0
29011,0
15109,0
886,0
21313,0
12921,0
1510,0
27090,0
25631,0
17528,0
7598,0
27087,0
8657,0
15218,1
29131,1
18731,0
23381,0
22636,0
4175,0
29855,0
22687,0
8223,0
29082,0
27293,0
15623,0
10811,0
21415,0
10317,0
12732,0
9113,0
17472,0
23166,0
29460,0
4714,0
21746,0
8941,0
15851,0
16322,0
29631,1
26550,0
6020,0
25175,0
24405,0
21071,0
26831,0
2248,0
7267,0
16429,0
1181,0
25165,0
24155,0
1987,0
11949,0
13214,0
3874,0
9804,1
20333,0
10640,0
23266,0
20728,0
7165,0
28235,0
11852,0
23811,0
3497,0
15654,0
19621,0
24265,0
6119,0
8580,0
16833,0
24123,0
26064,0
25353,0
4753,0
21593,0
25391,0
9310,0
7174,1
16061,1
28248,0
9693,0
14072,0
20238,0
3480,0
3010,0
20188,0
17013,0
12733,0
2789,0
20093,0
17727,0
18580,0
3893,0
6637,0
24846,0
17117,0
3810,0
1561,0
25201,0
10840,0
16113,0
12199,0
7717,0
2563,0
22300,0
4049,1
11049,0
21055,0
24098,0
28,0
24169,1
16149,0
28089,0
28763,0
9786,0
14309,0
529,0
27582,0
27192,0
29056,0
8490,0
2574,0
6241,0
22750,0
14220,0
15644,0
5508,0
7559,0
16293,0
4889,0
21076,0
5894,0
13713,0
3646,0
1866,0
4554,0
8298,0
16405,0
18662,0
4456,0
11246,0
28641,0
23640,0
23146,0
21430,0
15472,0
5028,0
2102,0
16960,0
25833,0
29468,0
3912,0
18783,0
6542,0
16280,0
19967,0
16642,0
11742,0
4912,0
17069,0
9885,0
5476,0
1085,0
24720,0
22955,0
13400,0
29129,0
15980,0
11303,0
10570,0
25558,0
2147,0
5511,0
20581,0
14161,0
1582,0
16472,0
6912,0
22345,0
13615,0
27532,0
24916,0
14445,0
6936,0
24117,1
28360,0
22850,0
3670,0
10566,0
13753,0
1061,0
15346,0
15847,0
19094,0
23986,0
19178,0
19705,0
11441,0
22859,0
24296,1
27544,0
728,0
9210,0
26397,0
19311,0
25860,0
17754,0
20547,0
23072,0
14646,0
25850,0
5943,0
25452,0
12510,0
2844,0
14781,0
23137,0
10925,0
17675,0
26058,0
6723,0
5373,0
27911,0
27946,0
15576,0
22518,0
15201,0
10228,1
7220,0
16386,1
14667,0
10362,0
6918,0
23542,0
26788,0
1368,0
5345,0
16516,0
23163,0
11806,0
14437,0
18500,0
557,0
28414,0
4468,1
28394,0
16037,0
21121,0
29049,1
9457,0
7182,0
22537,0
17750,0
17613,0
22781,0
4535,0
5645,0
15240,0
4808,0
12674,0
24555,0
27698,0
29302,0
19466,0
19607,0
9046,0
17003,0
5015,0
16849,0
26742,0
4014,0
27847,0
14085,0
20748,0
27748,0
29438,0
25143,0
16920,0
4399,0
24041,0
19868,1
5993,0
744,1
3673,0
13681,0
25983,0
22284,0
15279,0
20277,0
13181,1
12552,0
2731,0
10300,0
25504,0
18170,0
10449,0
20328,0
4665,0
311,0
15725,0
22914,0
8301,0
3358,0
5814,0
11475,0
5826,0
26293,0
12759,1
3231,0
24580,0
10909,0
14882,0
14326,0
3209,0
5898,0
21259,0
23024,0
6023,0
27458,0
2430,0
11376,0
10987,0
26821,0
9939,0
17718,0
26154,0
8239,0
13714,0
9528,0
24277,0
10545,0
2906,0
2849,0
10120,0
25550,0
11359,0
29256,0
20013,0
24201,0
26888,1
27521,0
13780,0
14296,0
28142,0
24038,0
21700,0
9586,0
10264,0
14594,0
14361,0
1523,0
8311,0
21503,0
2067,1
7276,0
14368,0
24435,0
26289,0
1252,0
17218,0
1543,0
15136,0
13143,1
29101,0
3785,0
29731,0
18825,0
2136,0
5022,0
2329,1
11321,0
920,0
13866,0
474,0
18841,0
10469,0
28291,0
21236,0
24638,0
19501,0
2564,0
8751,0
4031,0
9516,0
7771,0
4470,0
9767,0
26655,0
10466,0
456,0
24738,0
18005,0
6940,0
2610,0
13560,0
18192,0
1184,0
25984,0
17222,0
15399,0
18607,0
8947,0
25087,0
21529,0
6244,0
926,0
1518,0
5632,0
2168,0
15781,0
3800,1
15117,0
11659,0
19759,0
21125,0
22211,0
7016,0
20578,0
2768,0
2929,0
23842,0
7163,0
2914,0
23829,0
5272,0
1700,0
26048,0
19592,0
27999,0
1410,0
24948,0
26506,0
17707,0
20979,0
13274,1
28707,0
22397,0
16802,0
20957,0
13737,0
17628,0
6446,0
4887,0
29510,0
11511,0
851,0
21100,0
21498,0
15301,0
24479,0
8100,0
19962,0
6072,0
16830,0
1638,0
1402,0
9079,0
9799,0
16468,0
7755,0
20383,0
15682,0
5253,0
7132,0
6417,0
15729,0
5356,0
14570,0
6558,0
20254,0
12468,0
211,0
1914,0
29349,0
25380,0
1741,0
1121,0
11948,0
24150,0
26510,0
27063,0
27586,0
20711,0
11281,0
16416,0
10768,0
7385,0
14495,0
19440,0
25650,0
23737,0
23697,0
8479,0
8392,0
28596,0
10716,0
27517,0
5020,0
19036,0
4168,0
19827,0
25510,0
13656,0
28562,0
2934,0
27693,0
20484,0
14726,0
8915,0
9333,0
7606,0
4742,0
22420,0
23317,0
15302,0
26115,0
14209,0
14766,0
19767,0
2541,0
17625,0
28393,0
25224,0
3121,0
8310,0
20204,0
4601,0
27950,0
29258,0
19768,0
19684,0
27924,0
7891,0
26044,0
26487,0
20679,0
27885,0
20438,0
2053,0
11643,0
16840,0
29142,0
7432,0
2242,0
20382,0
14095,0
5764,0
2784,0
8052,0
14023,0
28695,0
25622,0
25214,0
11046,0
26590,0
13858,0
25537,0
11336,0
26877,0
5969,0
10180,0
16935,0
4179,0
2180,0
8811,0
8990,0
8631,0
15153,0
3389,0
1812,0
26033,0
2222,0
26460,0
8616,0
366,0
21531,0
12200,0
1431,1
7756,0
25100,0
18205,1
16605,0
5037,1
8730,0
18456,0
22851,0
22738,0
12118,0
24996,0
22900,0
23559,0
13669,0
19077,0
27984,0
12805,0
17667,0
29045,0
27824,0
12081,0
28080,0
24660,1
17273,0
11450,0
1807,0
408,0
9992,0
18447,0
21233,0
8959,0
673,0
10777,0
19458,0
19111,0
17900,0
11422,0
7830,0
3865,0
29416,0
12007,0
28875,0
15583,0
20555,0
27747,0
7633,0
14040,0
15671,0
14983,0
23157,0
14130,1
28506,0
13300,0
15092,0
6540,0
1919,0
7231,0
2955,1
6881,0
18617,0
11591,0
29080,0
10421,0
16005,0
29974,0
11843,0
5571,0
26122,0
23352,0
21966,0
5527,0
20123,0
19559,0
15647,0
13567,0
16748,0
3027,0
5981,0
16,0
14275,0
1257,0
12206,0
6647,0
4349,0
16367,0
15237,0
11065,0
13688,0
9591,0
6011,0
238,0
1875,0
16249,0
7155,0
462,0
11430,0
5909,0
14786,0
12239,0
393,0
29414,0
6324,0
9780,0
3034,0
29929,0
27947,0
29985,0
9157,0
25597,0
24652,0
21474,0
12893,0
28335,0
2165,0
19423,0
17128,0
6286,0
11102,0
25207,0
22443,0
3127,0
9320,0
24248,0
10523,0
7659,0
23946,0
10081,0
12381,0
24516,0
9282,0
12168,0
7940,0
20691,0
3757,0
13501,0
28997,0
2127,0
14490,0
27986,0
11285,0
15361,0
9803,0
1601,0
19617,0
6388,0
20284,0
21049,0
8248,0
404,0
3824,0
17908,0
23405,0
20223,0
7445,0
15598,0
16742,0
6547,0
18269,0
7424,0
14795,0
4316,0
22982,0
24026,0
25374,0
1093,0
842,0
18714,0
23438,0
6667,0
17269,0
8385,0
13991,0
27922,0
29012,0
25295,0
9692,0
29293,0
19068,0
14343,0
22086,0
12594,0
24171,0
23022,0
17927,0
18561,0
29942,0
2854,0
15330,0
14157,0
6679,0
10314,0
8755,0
22100,0
20415,0
22755,0
16616,0
12240,0
19014,0
26481,0
852,0
14942,0
16053,0
6802,0
27419,0
4249,0
19560,0
25120,0
3894,0
17619,0
10478,0
11788,0
17596,0
24474,0
14184,0
8303,0
2905,0
6909,0
11410,0
5963,0
14366,0
27157,0
23907,0
16607,0
24496,0
27145,0
28876,0
20810,0
20239,0
3652,1
11302,0
11516,0
22731,0
5422,0
29264,0
6021,0
18174,0
17021,0
25233,0
21657,0
10926,0
289,0
37,0
18091,0
6762,0
25056,0
3018,0
16397,0
12185,0
4099,0
21422,0
8209,0
27071,0
9572,0
3152,0
16680,0
47,1
576,0
12798,0
14768,0
3216,0
16167,0
2450,0
29977,0
6771,0
2947,0
10576,0
24696,0
24556,0
21452,0
2241,0
24143,0
8734,0
19076,0
28827,0
15916,0
23167,0
18373,0
11750,0
12042,0
29602,0
9585,0
23263,0
16879,0
23926,0
28857,0
11368,0
8542,0
12034,0
25332,0
6968,0
23582,0
26489,0
16940,0
4766,0
29304,0
10451,0
11878,0
25000,0
24359,0
16700,0
24936,0
3229,0
11300,0
6390,0
20217,0
28909,0
7525,0
12563,0
24919,0
29355,1
10357,0
11055,0
15166,0
364,0
2961,0
12445,0
23136,0
17165,0
17185,0
22314,0
21631,0
5055,0
11243,0
10603,0
2403,0
25343,0
7622,0
25666,0
18528,0
1340,0
23818,0
28161,0
25043,0
13405,1
24425,0
11375,0
15102,0
416,0
6896,0
7856,0
5139,0
20657,0
14918,0
27843,0
8824,0
15524,0
20227,0
21194,0
1169,1
13226,0
6691,0
12811,0
1591,1
15737,0
8172,0
3582,0
20497,0
5730,0
28551,0
14812,0
15321,0
28516,0
22776,0
21395,0
26563,0
28579,0
28330,0
4412,0
4199,0
18265,0
26094,0
9003,0
3705,0
5766,0
29373,0
25463,0
25330,0
14927,0
1059,0
24686,0
24734,0
26511,1
10647,0
7261,0
21923,0
13963,0
21632,0
20,0
19135,0
24022,0
21386,0
17170,0
24793,0
14212,0
29380,0
13746,0
27302,0
22764,0
7926,0
2873,0
21816,0
24668,0
29010,0
10515,0
20019,0
21676,0
17874,0
22560,0
5824,0
21170,0
2223,0
27481,0
29971,0
500,0
6335,0
16584,0
16008,0
4458,1
29240,0
4073,0
25481,0
21708,0
29050,0
241,0
6479,0
12394,0
13700,0
22837,0
28017,0
6485,0
20952,0
25827,0
16484,0
1200,0
21851,0
22554,0
1486,0
12299,0
10028,0
7505,0
1995,0
1629,0
26261,0
9830,0
28574,0
11769,0
19894,0
16657,0
11123,0
4475,0
17010,0
2315,0
18784,0
3847,0
21252,0
544,0
12436,0
18775,0
26859,0
24605,0
16320,0
16332,0
7959,0
24975,0
6811,0
23178,0
27514,0
1372,0
26618,0
21161,0
2328,0
26758,0
25548,0
16374,0
27064,0
6042,0
10391,0
19187,0
10171,0
11935,0
24624,0
23587,0
2281,0
14215,0
17041,0
222,0
17980,0
8955,0
19139,0
18430,0
29605,0
1139,0
4229,0
6080,0
3387,0
22610,0
26574,0
6217,0
9017,0
6766,0
7851,0
26598,0
15476,0
6090,0
1149,0
3205,0
4117,0
26334,0
17833,0
16471,0
1877,0
9930,0
26925,0
17855,0
22795,0
19160,0
22497,0
12347,0
4759,0
6200,0
6448,0
19611,0
4725,0
20817,0
14467,0
12800,0
10006,0
17811,0
16554,0
14078,0
3822,0
1329,0
20846,1
20369,0
28167,0
8042,0
27030,0
21869,0
29384,0
14062,0
21896,0
24500,0
7950,0
25883,0
9705,0
942,0
5018,0
2635,1
24871,0
6849,0
20551,0
23905,0
12015,0
7488,0
10470,0
16019,0
7832,0
7701,0
23475,0
14308,0
22365,0
5287,0
7374,0
18713,0
24656,0
14438,0
208,0
1598,0
2340,0
3580,0
29417,0
3852,0
4671,0
20540,0
24229,1
3532,0
13715,0
26401,0
25010,0
15285,0
14588,0
18413,0
14409,0
26301,0
1385,0
22650,0
12806,0
18128,0
7602,0
8991,0
22814,0
10307,0
11861,0
10960,0
27466,0
27926,0
22888,0
21351,0
18493,0
26432,0
13719,0
2402,0
16039,0
24971,0
11337,0
14179,0
21825,1
29222,0
4052,0
24960,0
8017,0
29708,0
17656,0
52,0
19552,0
17841,0
9272,0
8286,0
27183,0
1524,0
22488,0
12649,0
19236,0
27358,0
10738,0
7097,0
6663,0
8566,0
585,0
19865,0
22251,0
25657,0
22987,0
3258,0
15119,0
6106,0
19733,0
9506,0
9650,0
2774,0
21443,0
24448,0
29574,0
11347,0
15133,0
25311,0
21711,0
17328,0
7469,0
5586,0
23601,0
4851,0
22023,0
11773,0
22802,0
29173,0
13925,0
24991,0
8196,0
25736,0
19263,0
15289,0
15254,0
29299,0
11071,0
7758,0
19996,0
27989,0
22763,0
19820,0
12293,0
28353,0
10149,0
18397,0
10455,0
7570,0
8126,0
1896,0
29832,1
27665,0
24800,0
22939,0
7050,0
6695,0
5689,0
785,0
7341,0
12877,0
17114,0
2766,0
11990,0
253,0
20692,0
2521,0
14226,0
28657,0
23109,0
27888,0
22185,0
27772,0
5669,0
10288,0
14191,0
25383,0
8276,0
15820,0
19930,0
14879,0
5326,0
14561,0
23896,0
19814,0
16138,0
16178,0
25493,0
24325,0
20005,0
25408,0
21539,0
8093,0
20609,0
29753,0
6211,0
5265,0
5274,0
23154,0
23735,0
4283,0
18201,0
21993,1
26890,0
29128,0
17987,0
18753,0
5266,0
27938,0
9363,0
26808,0
28714,0
26716,0
26800,0
29030,0
17506,0
23040,0
8710,0
26083,0
21008,0
4507,0
14027,0
19978,0
23029,0
16233,0
20717,0
18328,0
21224,0
22390,0
6056,0
29290,0
9934,0
13789,0
6805,0
3593,0
8037,0
14356,0
8592,0
15818,0
5118,0
27915,0
3984,0
13531,0
24450,0
9924,0
23019,0
25797,0
14238,0
70,0
15038,0
1119,1
26809,0
8746,0
27415,0
14773,0
7068,0
22135,0
1793,1
21938,0
17979,0
4435,0
16207,0
13859,0
5100,0
9191,0
6789,0
14709,0
721,0
2287,0
7852,0
19226,0
17787,0
11070,0
3898,0
9961,0
20185,0
9213,0
7096,0
20938,0
15195,0
17223,0
6681,0
24239,0
25358,0
794,0
6242,0
22909,0
15605,0
10664,0
7750,0
22941,0
24612,0
27555,0
1384,0
26116,0
11907,0
29627,0
907,0
24100,0
17869,0
3197,0
14627,0
693,0
981,0
24278,0
27656,0
5043,0
11382,0
11000,0
21027,0
18675,0
4957,0
23523,0
14465,0
12441,0
21682,0
21973,0
10764,0
26731,0
9354,0
8215,0
28767,0
19245,0
3548,0
16549,0
4247,0
23889,0
4172,0
18175,0
13738,0
23498,0
3403,0
11968,0
8059,0
5516,0
8244,0
10635,0
13922,0
27116,0
2013,0
19224,0
2817,0
25513,0
25825,0
15833,0
26769,0
26098,0
19758,0
14416,0
9519,0
26894,0
8664,0
14190,0
13564,0
21,0
25339,0
20011,0
24966,0
1126,0
25117,0
24375,0
12005,0
4642,1
6426,0
6093,0
26267,0
4208,0
25618,0
10309,0
18888,0
19143,0
16949,0
27513,0
8951,0
24094,1
28273,0
28560,0
8278,0
14670,0
15626,0
27969,0
20242,1
22336,0
14271,0
8451,0
21787,0
17017,0
9080,0
4920,0
17542,0
12933,0
24918,0
27591,0
26053,0
4656,0
20192,0
19975,0
20764,0
29445,0
10938,0
29026,1
18773,0
23616,0
21684,0
17709,0
16206,0
26136,0
7269,0
11288,0
25838,0
12235,0
28584,0
12245,0
17820,0
7581,1
27962,0
16523,0
10609,0
29960,0
26299,0
2716,0
1737,0
21035,0
15024,0
7508,0
16286,0
1030,0
16600,1
29575,0
29795,0
4427,0
17832,0
8251,0
10119,0
20400,0
17921,0
11374,0
15182,0
20818,0
15084,0
15444,0
15805,0
872,0
27977,0
24316,0
8331,0
10496,0
11465,0
4012,0
21389,0
17123,0
26127,0
20840,1
22522,0
5463,0
15573,0
18310,0
18346,0
7166,0
13429,0
20092,0
4054,0
17015,0
25306,0
7537,0
10272,0
4185,0
8793,0
5637,0
23340,0
12543,0
3096,0
22477,0
5691,0
14829,0
23487,0
10122,0
12961,0
24084,0
15106,0
3632,0
388,0
26199,0
16729,0
24672,0
22276,0
29441,0
4840,0
7912,0
1347,0
14468,0
7983,0
8597,0
8576,0
20373,0
8144,0
12942,0
18105,0
26406,0
9651,0
7217,0
5464,0
15551,0
15510,0
18117,0
15000,0
24048,0
16644,0
24569,0
23356,0
5419,0
8398,0
21210,0
13491,0
4363,0
27530,0
25329,0
8089,0
21248,0
7929,0
14367,0
1842,0
27308,0
24231,0
8063,0
6176,0
6201,0
20220,0
26012,0
22254,0
20023,0
26448,0
9955,0
282,0
24577,1
11642,0
10575,0
25496,0
3675,0
7422,0
27920,0
4519,0
28458,0
13223,0
18956,0
14639,0
15170,0
29459,0
12292,0
12540,0
7416,0
15210,0
23881,0
1794,0
27955,0
15269,0
29345,0
4771,0
27951,0
4056,0
12043,0
17917,0
24785,0
26806,1
13993,0
25239,0
13055,0
22852,0
19088,0
11527,0
5772,0
11354,0
11960,0
27706,0
15952,0
14316,0
24047,0
4428,0
13489,0
5275,0
24664,0
25607,0
17512,0
15118,0
6951,0
28172,0
28605,0
10374,0
12077,0
16599,0
11454,0
1226,0
26922,0
14091,0
27389,0
5491,1
8204,0
4380,0
26183,0
22516,0
22463,0
18379,0
19778,0
19695,0
27444,0
7836,0
5528,0
28159,1
6838,0
6315,0
23672,0
28008,0
12570,0
13151,0
25993,0
1008,0
25621,0
5332,0
28054,0
4147,0
24907,0
14459,1
10507,0
4888,0
15864,0
5859,0
1734,0
28202,0
16520,0
15311,0
1140,0
12062,0
17135,0
6988,0
9687,0
22762,0
15407,0
28065,0
22562,0
12734,1
2554,0
21983,0
8623,0
27154,0
20962,0
13394,0
7317,0
6887,0
24704,0
11723,0
2199,0
20742,0
8888,0
8425,1
22675,0
17183,0
13586,0
29854,0
6163,0
23023,0
15123,0
24025,0
21118,0
17113,0
11838,0
12793,0
6618,0
2916,0
10949,0
20073,0
1732,0
28983,0
15643,0
12812,0
26377,0
13740,0
3108,0
8737,0
4148,0
21634,0
13508,0
518,0
14801,0
27777,0
8573,0
25874,0
6710,0
26763,0
12282,0
4354,0
28226,0
8637,0
26752,1
11130,0
16217,0
15796,0
5882,0
29585,0
24082,0
19797,0
27957,0
14650,0
4804,1
5856,0
19009,1
9179,0
6395,0
7788,0
4452,0
6749,0
13692,0
982,0
27764,0
24027,0
9542,0
28543,0
3109,0
9227,0
22743,0
21556,0
21856,1
20265,0
26853,1
7274,0
25082,0
5899,0
18616,0
11197,0
906,0
15541,0
11456,0
15470,0
11985,0
20480,0
14585,0
26841,0
17045,0
26244,0
22912,0
11424,0
29151,0
23285,0
7465,0
22834,0
21678,0
26830,0
17002,0
18429,0
28478,0
6134,0
6528,0
20155,0
21182,0
13408,0
8384,0
25359,0
14274,0
29713,0
9149,0
11938,0
23784,0
3414,0
1168,0
11662,0
2429,0
8849,0
24282,1
13613,0
19269,0
15719,0
6295,0
5503,0
16682,0
9526,0
8912,0
16734,0
19527,0
583,0
15436,0
20411,0
5039,0
10752,0
14507,0
12527,0
7399,0
24416,0
29879,0
12063,0
17173,0
26647,0
5191,0
18680,0
22037,0
16122,0
28504,0
25949,0
19025,0
11179,0
27033,0
13761,0
29717,0
17793,0
1146,0
757,0
3482,0
23777,0
4233,0
16204,0
6595,0
8540,0
27212,0
16219,0
29291,0
248,0
7835,0
19805,0
28615,0
2845,0
10772,0
6399,0
19548,0
26110,0
15186,0
2823,0
18110,0
21450,0
28474,0
4750,0
979,0
2662,0
17665,0
15394,0
4487,0
24374,0
26273,0
328,0
16442,0
25675,0
8863,0
10976,0
9060,0
25187,0
15900,0
14348,0
18274,0
11902,0
602,0
5807,0
25121,0
11407,0
432,0
5513,0
18336,0
219,0
18419,0
8874,0
3918,0
24042,0
14748,0
11221,0
5879,0
26371,0
18629,0
25030,0
4971,0
22042,0
12309,1
2986,0
6449,1
7770,0
20533,0
1990,0
25908,0
2034,0
23359,0
24589,0
20359,1
22303,0
18275,0
103,0
22052,0
21310,0
27934,0
25899,0
25381,0
27392,0
11598,1
4133,0
22301,0
735,0
8978,0
12372,0
28187,0
121,0
12521,0
15560,0
16828,0
14160,0
25758,0
8666,0
22674,0
14370,0
18908,0
11777,0
28878,0
16824,0
29411,0
21596,0
25782,0
10847,0
19380,0
28288,0
16359,0
21404,0
23951,0
2562,0
10595,0
10765,0
8466,0
23822,0
24160,0
7554,0
15239,0
334,0
18693,0
20158,0
24052,0
10551,0
6871,0
7413,0
27075,0
27189,0
23422,0
1038,0
8374,0
6203,0
22860,0
3158,0
17164,0
23504,0
15112,0
26638,0
9960,0
14910,0
7680,0
4903,0
14455,0
24493,0
6600,0
20269,0
23303,0
2909,0
13454,0
23503,1
1232,0
4839,0
8905,0
871,0
13301,0
12067,1
26353,0
21213,0
2190,1
26462,0
11163,0
20237,0
25458,0
22399,0
24214,0
12052,0
16782,0
6764,0
5617,0
538,0
20612,0
3307,0
22038,0
850,0
309,1
14177,0
8803,0
6330,0
23495,0
1539,0
20961,0
27094,0
25989,0
27216,0
7817,0
25965,0
25453,0
23079,0
26185,0
28135,0
16673,0
21048,0
9701,0
22808,0
5960,0
28949,0
5192,1
15967,0
7009,0
26774,0
8984,0
16956,0
2664,0
12761,0
17365,0
16786,0
12691,0
11124,0
966,0
25474,0
28430,0
14499,1
28355,0
7600,0
10656,0
25524,0
5585,0
26977,0
13492,0
18483,0
29019,0
11525,0
15779,0
22457,0
10961,0
7321,1
11027,0
11840,0
16373,0
15938,0
16655,0
10891,0
26996,0
16032,0
24344,0
18758,0
19973,0
15855,0
11566,0
23118,0
6363,0
23598,0
13645,0
17433,0
12422,0
2206,0
690,0
1527,0
10217,0
1628,0
4769,0
511,0
11885,0
3817,0
23277,0
1474,0
10794,0
22102,0
16964,0
9984,0
12658,0
4396,0
20982,0
2125,0
4752,0
3816,0
28832,0
20350,0
27438,0
21432,0
17078,0
18756,0
24614,0
11740,0
4430,0
5001,0
13205,0
23682,0
3124,0
5775,1
15357,0
4818,0
12868,0
15035,0
3841,0
29061,0
17898,0
11014,0
14559,0
19061,0
17766,0
19889,0
19979,0
1379,0
7205,0
10552,0
18557,0
15140,0
7710,0
22388,0
20837,0
9473,0
23906,0
17543,0
6002,0
10705,0
2120,0
22525,0
2367,0
10599,0
15589,0
15493,0
4707,0
15530,0
7849,0
2738,0
18546,0
13879,0
20006,0
6604,0
21492,0
17966,0
29586,0
14539,0
21738,0
26544,0
13327,0
17745,0
11962,0
4167,0
25605,0
29241,0
29281,0
19899,0
22828,0
23539,0
11648,0
16330,0
11093,0
16762,0
514,0
1380,0
20090,0
26538,0
21744,0
14441,0
17190,0
19343,1
18983,0
3858,0
18909,0
13909,0
24839,0
20465,0
1171,1
8511,0
16344,0
18181,0
20442,0
9535,0
3073,0
13324,0
6250,0
23308,0
8507,0
8073,0
243,0
5647,0
9681,0
11403,0
26347,0
15042,0
29093,0
29175,0
2138,0
3574,0
22341,0
18293,0
24106,0
7075,0
12605,0
2649,0
27542,0
12075,0
8048,0
19725,0
26548,0
20199,0
12579,0
16295,0
27674,0
18836,1
12891,0
5919,0
12791,0
11684,0
9618,0
8981,0
3572,0
11006,0
1984,0
16661,0
4101,0
11918,0
28526,0
16084,0
18134,0
15786,0
21688,0
5406,0
11315,0
16829,0
1890,1
24371,0
18145,0
5863,0
5661,0
6937,0
28229,0
8366,0
17160,0
11452,0
5640,0
6745,0
3993,0
1708,0
6928,0
15062,0
5369,0
18725,0
19489,0
13750,0
24747,0
992,0
13474,0
11251,0
18767,0
17303,0
6950,0
26178,0
22386,0
7405,0
17373,0
27272,1
14921,0
2864,0
21152,0
9615,0
4255,0
4856,0
22925,0
403,0
20485,0
20018,0
27042,0
26978,0
21699,0
7372,0
3106,0
23016,0
29630,0
16281,0
15554,0
29654,0
25046,0
753,0
23325,0
16460,0
29887,0
8517,0
14159,0
6333,0
2240,0
10450,0
13458,0
5830,0
29359,0
27379,0
15798,0
25743,0
23507,0
23894,0
11859,0
22752,0
2815,0
25687,0
17439,0
19549,0
10984,0
14204,0
28041,0
4588,0
23282,0
14956,0
12267,0
14802,0
9326,0
2119,0
15281,0
21978,0
11945,0
4976,0
4113,0
19877,0
26876,0
2313,0
18517,0
15989,0
2220,0
27683,0
25751,0
5337,0
8323,0
23168,0
17742,0
25815,0
23883,0
16051,0
7739,0
3273,0
28231,0
19714,0
22785,0
21129,0
21413,1
28520,0
5493,0
18540,0
7320,0
8178,0
16443,0
4369,0
24382,0
26179,0
12127,0
13618,0
19590,0
25871,0
7319,0
4908,0
13667,1
29791,1
10348,0
13275,0
14811,0
15499,0
16628,0
2075,0
1239,0
28214,0
9796,0
1579,0
27965,0
1295,0
15494,0
10522,0
12327,0
29751,0
17272,0
27322,0
28813,0
7036,0
863,1
27551,0
12497,0
18489,0
6869,0
27414,0
7669,0
27862,0
16162,0
10012,0
16170,0
5116,0
8236,0
4368,0
12821,0
15939,0
28304,1
28340,0
16450,0
26450,0
29938,0
27967,0
25670,0
12442,0
3783,0
14937,0
5385,0
13995,0
19465,0
13599,0
15261,0
27742,0
26968,0
22220,0
15003,0
26166,0
21358,0
15517,0
19488,0
25299,0
7653,0
357,0
6037,0
2522,1
3144,0
9571,0
5763,0
1756,0
8094,0
7109,0
7671,0
18748,0
21528,0
4090,0
24396,0
5153,0
13899,0
9372,0
11271,0
25921,0
13406,0
7389,0
1891,0
18243,0
16919,0
9450,0
12214,0
13649,0
24062,0
12260,0
3173,0
11802,0
25719,0
9602,0
13031,0
13257,0
8505,0
25418,0
12838,0
13076,0
18610,0
3486,0
6625,0
19121,0
3856,0
3356,0
3861,0
29437,0
19273,0
9273,0
17039,0
8541,0
18926,0
10722,0
15460,0
3182,0
4355,0
28672,0
17121,0
22496,0
8553,0
21710,0
7345,0
13663,0
10894,0
22725,1
13121,0
25077,0
23608,0
2926,0
20418,0
24859,0
515,0
18963,0
6380,0
2656,0
3001,0
26479,0
8837,0
4890,0
15933,0
74,0
17837,0
15379,0
11220,0
2321,0
24388,0
17291,0
10935,0
6989,0
11994,0
20029,0
23140,0
150,0
5359,0
9689,0
2795,0
18692,0
12904,0
25055,0
17993,0
7375,0
4899,0
21828,0
19965,0
4353,0
6982,0
12072,0
9071,0
24899,0
25637,0
4250,0
18422,0
28043,0
26156,0
9730,0
9247,0
14929,0
17258,0
20362,1
16142,0
2577,0
29757,0
14001,0
23329,0
14448,0
322,0
28009,0
18914,0
19753,0
365,0
16712,0
12335,0
12607,0
27596,0
19673,0
18343,0
14836,0
21421,0
27482,0
1287,0
9597,0
11367,0
17845,0
4700,0
8128,0
11531,0
9929,0
82,1
29803,0
6888,0
26055,1
5987,0
6649,0
1861,0
24961,0
28599,0
26917,0
468,0
28638,0
26125,0
27261,0
8603,0
24518,0
1899,0
268,0
26916,0
24697,0
1144,0
3316,0
8860,0
11002,0
688,0
3421,0
13109,0
23460,1
19729,0
28503,0
608,0
24593,0
16947,0
4146,0
8663,0
3530,0
1370,0
21995,0
16422,0
13880,0
27673,0
13289,0
11857,0
23812,0
11394,0
10430,0
14036,0
24011,0
25541,0
2042,0
26211,0
5995,0
27339,1
19478,0
2696,0
21901,0
29288,0
20544,0
24730,0
23231,0
23727,0
17598,0
17795,0
27606,0
305,0
24840,0
12358,0
22071,0
19497,0
20656,0
29455,0
3038,0
4659,0
17623,0
32,0
8306,0
25098,0
29165,0
13437,0
22929,0
17627,0
7249,0
21110,0
12224,0
18747,0
19591,0
9649,0
19884,0
18931,0
24976,0
15291,0
16417,0
24352,0
13923,0
21715,0
4875,0
21399,0
28260,0
22730,1
12653,0
3545,0
8220,0
22847,0
23620,0
573,0
9390,0
12612,0
10862,0
29333,0
5466,0
11204,0
10634,0
20134,1
29002,0
19888,0
9832,0
24887,0
20790,0
9474,0
2198,0
24678,0
15356,0
26464,0
11629,1
2347,0
3134,0
25007,0
23243,0
21697,0
5848,0
25826,0
27217,0
27910,0
27499,0
26100,0
8337,0
29847,0
2277,0
4514,0
23183,0
26137,0
567,0
11630,0
6554,0
12417,0
25105,0
14611,0
17748,0
20615,0
21375,0
23605,0
4608,0
13196,0
11512,1
6924,0
14950,0
4811,0
24915,0
19261,0
26332,0
12303,0
4192,0
29263,0
9653,0
4813,0
21206,1
8194,0
23361,0
14211,0
6409,0
13499,0
3566,0
22437,0
23245,0
21943,0
16222,0
20831,0
11077,0
8332,0
6058,0
14486,0
16979,0
29814,0
26920,0
11140,0
9860,0
13806,0
25904,1
26246,0
14859,0
6860,0
5970,0
26656,0
28429,0
5214,0
16351,0
27556,0
4203,0
4898,0
12032,0
23583,0
16746,0
21721,0
21535,0
14076,0
106,0
6202,0
974,0
20356,0
9752,0
13762,0
12291,0
14013,0
23687,0
26400,0
11335,0
2740,0
9605,0
26118,1
21317,0
28247,0
20252,0
23776,0
24687,0
10774,0
19195,0
12556,0
16234,0
11491,0
783,0
2712,0
23428,0
21633,0
4288,0
4741,0
8872,0
12142,0
8783,0
16575,0
14668,0
9188,0
24932,0
11676,0
14864,0
6980,0
6808,0
9296,0
24196,0
28435,0
19919,0
12516,0
5786,0
2382,0
13630,0
23578,0
9888,0
1785,0
1045,0
17659,0
27046,0
13707,0
13641,0
13256,0
16759,0
6610,0
19021,0
8624,0
6916,0
10408,0
10091,0
14996,0
13662,0
3802,1
23843,0
5298,0
10224,0
28261,0
23116,0
15115,0
652,0
28572,0
26825,0
24666,0
25432,0
11212,0
6643,0
14369,1
5702,0
19205,0
11231,0
11650,0
23684,0
18611,0
19773,0
24360,0
3627,0
28731,0
5113,0
18224,0
21417,0
913,0
26794,0
11165,0
9253,1
5609,0
27563,0
12181,0
29144,0
15011,0
8613,0
2316,0
13020,0
11499,0
15762,0
11050,0
16398,0
17551,0
26646,0
8389,0
15076,0
29609,0
14886,0
3884,0
18715,0
29528,0
8980,0
9511,0
24891,0
28488,0
4039,1
2101,0
17504,0
10158,0
23253,0
14104,0
8261,0
7340,0
10473,0
18843,0
26764,0
11083,0
26659,0
23297,0
21298,0
18000,0
26719,0
18735,0
26344,0
6992,0
5040,0
25038,0
14936,0
17453,0
21826,0
20684,0
6232,0
10100,0
3368,0
6607,0
224,0
2595,0
21805,0
8237,0
21205,0
17378,0
27166,0
454,0
9595,0
19878,0
25837,0
11366,0
23111,0
6483,0
4935,0
6279,0
18952,0
2354,0
25848,0
19500,0
1912,1
3965,0
19250,0
12255,0
18912,0
19341,0
26990,0
2392,0
18896,0
24557,0
23558,0
4269,0
2527,0
27869,0
2782,0
4226,0
912,0
5200,0
26361,0
13716,0
1321,0
13118,1
3806,0
16567,0
20859,0
4765,0
22589,1
582,0
4915,0
3224,0
24440,0
2941,0
19225,1
28724,0
12981,0
27008,0
22328,1
9663,0
23543,0
5698,1
20209,0
29320,0
7906,0
16486,0
21257,0
18598,0
14387,0
23817,0
20133,0
11447,0
23999,0
3699,0
27981,0
20535,0
16708,0
1811,0
12744,0
17764,0
12682,0
18501,1
18204,0
11428,0
15248,0
7233,0
20996,0
888,0
8876,0
25033,0
16306,0
1027,0
25036,0
15633,0
7133,0
11295,0
11900,0
27644,0
27600,0
19400,1
24928,0
16630,0
21576,0
27357,0
10549,0
6087,0
471,0
716,1
10721,1
3742,0
6136,0
25958,0
28666,0
13368,0
5379,0
17535,0
6959,0
11691,0
27469,0
28870,0
12222,0
18072,0
28879,0
19848,0
4454,0
5305,0
25698,0
12636,0
19086,0
10347,0
13711,0
12972,0
4129,0
6364,0
17316,0
1745,0
26982,0
2558,0
14744,0
19443,0
5798,0
3090,0
19313,0
28837,0
14607,0
28131,0
12777,0
12698,0
16088,0
1707,0
6852,0
18227,0
27731,0
7858,0
6361,0
12671,0
27906,0
29053,0
1599,0
21099,0
20022,0
21079,0
13122,0
2631,0
6421,0
29367,0
24553,0
26772,0
10452,0
11781,0
29018,0
19796,0
17424,0
16145,0
27827,0
27299,0
1670,0
4896,0
13699,0
24489,0
16651,0
11328,0
7065,0
29210,0
12476,0
11045,0
24538,0
6617,0
9906,0
13281,0
18876,0
644,0
11528,0
21208,0
27447,0
15325,0
10824,0
768,0
43,1
23106,0
13460,0
345,0
29058,0
29849,0
16073,0
5878,0
22438,0
17352,0
8649,0
118,0
10828,0
23293,0
9016,0
27142,0
18988,0
18027,0
13840,0
6355,0
9076,0
17449,0
2882,0
15614,0
80,0
26597,0
26385,0
12867,0
15152,0
3814,0
983,0
20387,0
12861,0
26078,0
15456,0
11957,0
18838,0
25407,0
5991,0
25309,0
20469,0
20177,0
18619,0
7641,0
12768,0
13955,0
26860,0
8656,0
8180,0
28916,0
19316,0
14029,0
13668,0
26155,0
17550,0
20783,0
2179,0
14355,0
19680,0
23644,0
20580,0
14408,0
5694,0
4539,0
10813,0
10684,0
29628,0
21639,0
10766,0
353,0
3471,0
19931,0
28765,0
19694,0
22951,0
4276,0
1246,0
9398,0
27785,0
9739,0
13579,0
13969,0
3191,0
8758,0
26857,0
9329,0
6431,0
2492,0
3981,1
26307,0
2121,0
2516,0
27628,0
13390,0
14564,0
17461,0
23500,0
27093,0
13387,0
6293,0
15103,0
27196,0
21760,0
6050,0
2113,0
8745,0
11064,0
14861,0
27773,1
23213,0
3393,0
13833,0
10618,0
24761,0
24545,0
23028,0
6868,0
8865,0
18216,0
15317,0
8407,0
6129,0
9980,0
25371,0
8009,0
14379,0
1920,0
6004,0
21512,0
17094,0
27781,1
1937,0
18168,0
21333,0
12402,0
10023,0
4858,0
26712,0
11959,0
27805,1
24295,0
9757,0
17053,0
8013,0
12511,0
22155,0
18721,0
23870,0
15714,0
20508,0
24499,0
12622,0
19918,0
28570,0
13060,1
6854,0
29449,0
13741,0
3853,0
3213,0
2463,0
3254,0
25961,0
18114,0
23481,0
21489,0
24081,0
5985,0
8521,0
20273,0
27197,0
13770,0
19437,0
20147,0
13559,0
16015,0
22193,0
20835,0
29530,0
5589,0
6839,0
3132,0
21030,0
11449,0
12057,0
26971,0
19886,0
5983,0
25770,0
26282,0
28019,0
2334,0
3202,0
1282,0
9412,0
27768,0
16739,0
21853,0
543,0
28984,0
26500,0
17976,0
23007,0
5283,0
28706,0
22709,0
2091,0
18250,0
9913,0
27374,0
9371,0
16870,0
16013,0
25800,0
8672,0
13091,0
19206,0
12960,0
19839,0
9396,0
24211,0
11193,0
20762,0
6857,0
27743,0
25702,0
1262,1
8340,0
14264,0
20308,0
9327,0
4852,0
23355,0
16714,1
26080,0
7407,0
3449,0
2560,0
23724,0
2609,0
8575,0
3325,0
28137,0
23204,0
17320,0
26515,0
8931,0
4715,0
14804,0
4244,0
2576,0
1618,0
12485,0
18867,0
17615,0
14483,0
1528,0
10937,0
16602,0
17422,0
15520,0
6822,0
15206,0
26798,0
8686,0
7623,0
26791,0
2005,0
28222,1
3265,0
12249,0
7665,0
27651,0
9170,0
13298,0
10030,1
20377,0
8839,0
4728,0
12228,0
10032,0
9514,0
25841,0
27715,0
23597,0
8426,0
24931,0
20559,1
19642,1
12642,0
29752,0
28618,0
15728,0
28926,0
8373,0
21946,0
29017,0
20625,0
13218,0
24269,0
6574,0
421,0
7045,0
9086,0
27623,0
25344,0
17167,0
3862,0
15028,0
25532,0
28173,0
18209,0
11707,0
11085,0
21453,0
24884,0
27762,0
3515,0
20335,0
22187,0
7484,0
2797,0
22355,0
25699,0
27359,1
2627,0
29079,0
13602,0
2380,0
7918,0
4570,0
14584,0
23622,0
23366,0
5404,0
14240,0
4060,0
2401,0
19678,0
10333,0
21016,0
7419,0
17922,0
17405,0
3058,0
20689,0
15124,0
4548,0
980,0
14016,0
9562,0
4350,0
7252,0
17404,0
21788,0
7928,0
20408,0
29033,0
26121,0
17875,0
4734,0
23235,0
20053,0
18140,0
17622,0
1026,0
22809,0
6553,1
11228,0
10797,0
4118,0
11139,0
15784,0
26407,0
24261,0
14579,0
1148,0
15335,0
6393,0
11378,0
9702,1
22318,0
28487,0
7875,0
6570,0
12064,0
5034,0
17153,0
13163,0
21212,0
25823,0
10069,0
19922,0
15238,0
9377,0
29529,0
8284,0
26496,0
18425,0
9570,0
16814,1
2877,0
15367,0
8756,0
3787,0
6183,0
28872,0
18900,0
25707,0
24380,0
18230,0
15402,0
26097,0
24717,0
12945,0
4190,0
23603,0
20522,1
2648,0
3190,0
8554,0
2548,0
16291,0
1744,0
29842,0
22378,0
29135,0
22621,0
10800,0
14963,0
5815,0
21337,0
21974,0
26213,0
16194,0
19653,0
19634,0
17023,0
9592,0
4318,0
18960,0
20251,0
20895,0
10879,0
9483,0
8411,0
7523,0
16227,0
25475,0
540,0
5485,0
26472,0
18850,1
8802,0
18929,1
8504,1
16046,0
10077,0
5927,0
4262,0
1310,0
17882,0
8918,0
8529,0
22872,0
3945,0
2219,0
3679,0
12349,0
18567,0
23511,0
27942,0
15831,0
680,0
4721,0
3420,0
17895,0
27034,0
24158,0
26955,0
9561,0
516,0
6096,0
9475,0
19807,0
24819,0
12885,0
648,0
26327,0
13142,0
20436,0
5639,0
7790,0
14866,1
5646,0
17658,0
10587,1
24674,0
6776,0
23256,0
17087,0
19015,0
9952,0
2349,0
13538,0
12944,0
15593,0
3429,0
18835,0
29052,0
8210,0
21042,0
9643,0
9124,0
5541,0
16449,0
28021,0
28013,0
10816,0
22288,0
27898,0
19498,0
26380,0
17067,1
23320,0
3509,0
16453,1
9936,0
29637,1
3939,0
20672,0
11084,0
3130,0
27378,0
22221,0
1908,0
1567,0
22168,0
21467,0
16544,0
13322,0
7063,0
17260,0
13329,0
2524,0
5291,0
27126,0
6222,0
535,0
19531,0
2326,0
16127,0
11637,0
27351,0
21798,0
2230,0
28710,0
15866,0
2951,0
16668,0
2137,0
17145,0
10748,1
112,0
22076,0
26105,0
10903,0
8074,0
25342,0
21343,0
21574,0
16582,0
20841,0
10513,0
27106,0
17726,0
17839,0
15036,0
29582,0
16497,0
14658,0
11291,0
29255,0
8533,0
7015,0
11862,0
20589,0
3283,0
26565,0
11655,0
5068,0
1942,0
27325,0
1132,0
15075,0
21587,0
21743,0
9244,0
10694,0
16434,0
14463,0
3463,0
27388,0
13617,0
26206,0
5994,0
8153,0
148,0
17290,0
4844,0
23186,0
10096,1
1709,0
11789,0
28026,0
5697,0
15169,0
21436,0
7610,0
16573,0
8428,0
6432,0
5115,0
10502,0
2659,0
15837,0
17020,0
14616,0
20206,0
17071,0
67,0
3129,0
19031,0
20843,0
7223,0
29392,0
1862,0
8725,0
29344,0
8924,0
29597,0
10848,0
26262,0
20425,0
15809,0
11310,0
19052,0
9569,0
14404,0
20250,0
7542,0
10681,0
15794,0
1815,0
27421,0
7882,0
19481,0
3990,0
16589,0
28521,0
20927,0
25123,0
11713,0
10770,0
12702,0
11821,0
9108,0
18088,0
12151,0
10173,0
11238,0
25411,0
15020,0
8611,0
19638,0
3454,0
1233,0
13404,0
9765,0
18717,0
23718,0
6526,0
12900,0
20010,0
14248,0
17540,0
25460,0
1127,0
5545,0
19262,1
6702,0
28898,0
17468,0
28688,0
8171,0
25482,0
14685,0
29347,0
5818,0
2406,0
11339,0
18260,0
29067,0
914,0
26994,0
11869,0
28093,0
16477,0
13994,0
1642,0
22074,0
10778,0
10207,0
14432,0
12343,0
28986,0
27439,0
5531,0
23546,0
1611,0
8412,0
12529,0
19786,0
9366,0
27960,0
27208,0
81,1
14434,0
16238,0
24373,0
8935,0
29075,0
20884,0
8268,0
12515,0
10673,0
19200,0
6157,0
12301,0
26650,0
2438,0
15100,0
14429,0
28685,0
9858,0
26415,0
17158,0
6520,0
28930,0
16042,0
14136,0
11471,0
4968,0
5306,0
8609,0
20871,0
8140,0
26443,0
8187,0
18085,0
5902,0
13720,0
9353,0
855,0
11294,0
1715,0
6126,0
19312,0
16494,0
15839,0
6425,0
21774,0
5518,0
21369,0
6994,0
27691,0
68,0
10553,0
2814,0
23834,0
492,0
25323,0
11523,0
5519,0
18977,0
12256,0
7480,0
15509,0
16107,0
16392,0
19162,0
24968,0
6032,0
11930,0
11795,0
16636,0
5514,0
26256,0
16565,0
21174,0
24512,0
10471,0
14097,0
17767,0
23217,0
15069,0
5583,0
13375,0
24935,1
11682,0
16401,0
22596,0
28914,0
22863,0
17836,0
4304,0
13380,0
556,0
24632,0
26584,0
12498,0
16153,0
13928,0
22997,0
10087,0
13094,0
26276,0
19970,0
11884,0
25986,0
2913,0
20536,0
658,0
19117,0
27255,0
20971,0
20807,0
18440,0
23974,0
17640,0
1131,1
25190,0
16921,0
9228,0
15531,0
29467,0
3616,0
4464,0
12845,0
19897,0
18930,0
28286,0
11616,0
10110,1
15930,0
2616,0
9661,0
1553,0
19809,0
17585,0
22668,0
27081,1
14772,0
4140,0
1537,0
25153,0
19058,0
24302,0
21175,0
215,0
28990,0
13823,0
17776,0
616,0
24324,0
12917,0
15703,0
2197,0
21145,0
9716,0
20747,0
4278,0
5027,0
2425,0
24153,0
23932,0
6546,0
18832,0
22412,0
19460,0
26983,0
15950,0
25564,0
24281,0
8640,0
11458,0
20440,0
18826,0
27912,0
12545,0
8293,0
1646,0
400,0
23267,0
11320,0
18707,0
17336,0
22304,0
9979,0
9820,0
21344,0
28862,0
1572,0
3475,0
6221,0
19480,0
13848,0
5078,0
27328,0
21384,0
9410,0
18232,0
1374,0
7054,0
17457,0
3370,0
15266,0
1981,0
17470,0
8982,0
936,0
26357,1
27062,0
7481,0
10316,0
16862,0
15666,0
10370,0
21560,0
8157,0
24539,0
15026,0
27870,0
12769,0
20477,0
7744,0
20648,0
22718,0
12882,0
24490,0
24256,0
28295,0
18158,0
19703,0
14533,0
23271,0
18514,0
22242,0
20163,0
26602,0
5130,0
24170,0
15597,0
17398,0
10662,0
20046,0
19264,0
20281,0
9304,0
10771,0
20323,0
10973,0
15826,0
405,0
22415,0
2393,0
21646,0
269,0
26456,0
25334,0
5644,1
28436,0
10556,0
22098,1
25327,0
21025,0
23856,0
17227,0
15567,0
3286,0
3141,0
23048,0
84,0
28294,0
26900,0
20129,0
1688,0
1681,0
28110,0
3622,0
20181,0
8206,0
27961,0
26953,0
6238,0
12840,0
12990,0
9120,0
23699,0
25606,0
7115,0
12954,0
26047,0
18116,0
12163,0
2279,0
7365,0
11078,0
21136,0
14064,0
6496,0
23376,0
27717,0
29127,0
29209,0
6245,0
27501,0
22324,0
19528,0
15122,0
26782,0
7496,0
18861,0
17343,0
3845,0
2088,0
3589,0
5573,0
12041,0
3154,0
3079,0
18625,0
15543,0
11177,0
9798,0
29156,0
19677,0
18985,0
4894,0
10941,0
9971,0
4447,0
24419,0
17824,0
9908,0
26335,0
596,0
4613,0
19723,0
11727,0
1014,0
9769,1
15442,0
10697,0
20582,0
18705,0
18070,0
20732,0
3708,0
3727,0
13830,0
20089,0
13867,0
16901,0
7658,0
14543,0
6518,1
4405,0
11608,0
15435,1
19118,0
3461,0
8930,0
18786,0
25642,0
14847,0
23865,0
8690,0
8280,0
1872,1
17268,0
661,0
18478,1
9004,0
11286,0
25742,0
4698,0
22946,0
2556,0
254,0
8240,0
25045,0
10407,0
13258,0
5107,0
9380,0
11252,0
27630,0
22096,0
24861,0
10128,0
6565,0
2600,0
10397,0
25349,0
8862,0
3282,0
23599,0
10490,0
2418,0
8574,0
25354,0
25990,0
4058,0
2150,0
22460,0
21237,0
9498,0
23901,0
28156,0
8792,0
16181,0
22527,0
28113,0
25185,0
27675,0
3989,0
15097,0
1476,0
1307,0
15223,0
3701,0
6300,0
24648,0
1643,0
22745,0
22735,0
2433,0
11728,0
6716,0
9411,0
17038,0
9055,0
22479,0
2911,0
13277,0
27866,0
29492,0
23612,0
14267,0
24509,0
20360,0
20145,0
15630,0
26410,0
14197,1
29086,0
25795,0
26386,0
7586,0
25402,0
8253,0
23338,0
19042,0
24003,0
16174,0
10369,0
22513,0
4644,0
13726,0
16243,0
15404,0
10311,0
1160,0
1558,0
20774,0
11757,0
8628,0
9802,0
1074,0
29376,0
8051,0
20741,0
21886,0
9325,0
6531,0
12076,0
959,0
27316,0
4836,0
20704,0
6956,0
27704,0
29745,0
17902,0
17074,0
26411,0
9793,0
28725,0
8871,1
3037,0
9174,0
28770,0
29924,0
28591,0
7709,0
23635,0
12466,0
8617,0
3726,0
17230,0
10610,0
6521,0
15556,0
7566,0
20519,0
7243,0
13473,0
14889,0
25676,0
18031,0
6400,0
17321,0
14099,0
23159,0
17430,0
23228,0
24224,0
27901,0
29633,0
10340,1
2733,0
23232,0
23928,0
2710,0
25648,0
24318,0
6967,0
22677,0
24202,0
11044,0
17565,0
23931,0
13241,0
15701,0
2796,0
6494,0
4540,0
27919,0
26038,0
3635,0
26455,0
23268,0
20730,0
11104,0
14299,0
8596,0
7879,0
8472,0
4622,0
18615,0
16240,0
19371,1
4606,0
12314,0
29535,0
10614,0
7803,0
8324,0
18102,0
2247,0
4045,0
6890,0
27771,0
28544,0
22862,0
6424,0
28925,0
12760,0
13601,0
25362,0
4973,0
5596,0
4264,0
20420,0
27404,0
13336,0
3083,1
22028,0
8427,0
10075,0
14077,0
13802,0
25920,0
607,0
24695,0
2653,0
29446,0
15013,0
25065,0
463,0
3552,0
10750,1
27491,0
12284,0
27807,0
28590,0
26354,1
15377,0
17751,0
23866,0
16917,0
8406,0
15834,0
5753,0
28375,0
8961,0
25414,0
25704,0
16874,0
20224,0
384,0
997,0
13023,0
21130,0
28450,0
138,0
24773,0
5341,1
21965,0
15852,0
5069,0
16528,0
13980,0
29158,1
8679,1
19148,0
27222,0
695,0
10070,0
4544,0
16074,0
27700,0
20210,0
9389,0
21659,0
14951,0
19567,0
9718,0
4418,0
482,0
3343,0
16402,0
10018,0
25502,0
22950,0
19812,0
17835,0
22493,0
23561,0
29825,0
3873,0
15381,0
28648,0
5912,0
2846,0
23555,0
15732,0
9729,0
20855,0
4387,0
4295,0
28479,0
27051,0
15025,0
26627,0
22227,0
21968,0
2973,0
21367,0
29351,0
22203,0
8820,0
18399,0
8965,0
9392,0
14555,0
18130,1
20460,0
8727,0
28419,0
21782,0
14511,0
20586,1
23683,0
24575,0
10820,0
27151,0
29613,0
441,0
4830,0
19463,0
16250,0
13099,0
26689,0
13979,0
8582,0
19100,0
12907,0
6792,0
26948,0
13708,0
15695,0
3136,0
26792,0
14821,0
15913,0
7412,0
14427,0
17098,0
24781,0
28331,0
5205,0
27577,0
22551,0
11075,0
18387,0
17509,0
7299,0
5592,0
16199,0
1063,0
226,0
22757,0
18290,0
20789,0
4931,1
14153,0
23045,0
27004,0
15229,0
13200,0
5227,0
20599,0
7044,0
21469,0
18472,0
10589,0
1560,0
4835,0
6801,0
5665,0
9248,0
551,0
20889,0
14199,0
8801,0
9527,0
14058,0
4517,0
24431,0
201,0
8829,0
13869,0
16785,0
23008,0
21544,1
23065,0
9791,0
57,0
25592,0
6084,0
26828,0
14809,0
2608,0
587,0
8567,0
20928,0
4998,0
29729,0
26781,0
20349,0
11227,0
24086,0
2674,0
14270,0
10536,0
15817,0
24408,0
29062,0
76,0
7111,0
5181,0
29188,0
24116,0
4950,0
27053,0
4035,0
1492,0
20149,0
10916,0
15871,1
7597,0
16961,0
17711,0
17783,0
7452,0
25092,0
9989,0
28303,0
19270,0
5572,0
3581,0
1980,0
24998,0
9434,0
10526,0
10678,0
15537,0
14152,0
21800,0
4757,0
13594,0
15705,0
21490,0
20247,0
27816,0
13721,1
8974,0
9633,0
3408,0
28578,0
22169,0
20305,0
928,0
15337,0
3386,0
14505,0
1075,0
29826,0
18074,0
28698,0
11175,0
16161,0
4298,0
5041,0
24798,0
10249,0
5857,0
7939,0
26609,0
11680,0
22577,0
2928,0
13520,0
12488,1
5662,0
4220,0
5677,0
6453,0
3942,0
9540,0
13733,0
27788,0
26973,0
21513,0
5710,0
13016,0
22470,0
15944,0
3059,0
13558,0
4382,0
1590,0
21680,0
23722,0
5012,0
10626,0
24187,0
25809,1
21872,0
27492,0
21311,0
19808,0
26362,0
10657,0
27602,0
22065,1
13918,0
29769,0
2881,0
29563,0
15393,0
28165,0
15919,0
3466,0
10537,0
18890,1
28686,0
24955,0
1359,0
15484,0
22583,0
27446,0
5835,0
2399,0
11636,1
27647,0
16124,0
19615,0
16304,0
14863,0
2946,0
174,0
24010,0
1375,0
22825,0
12616,0
22772,0
17965,0
8071,0
18308,0
17986,0
22699,0
28663,0
8618,0
24144,0
1104,0
9220,0
11136,0
26040,0
24669,0
12433,0
10729,0
13954,0
29900,0
4947,0
8488,0
12474,0
4313,0
11540,0
11582,0
25835,0
19821,0
26383,0
26696,0
26692,0
21222,0
10564,0
22469,0
18372,0
5038,1
16681,0
10582,0
25155,0
5618,0
7024,0
14493,0
1795,0
5299,0
827,0
20860,1
26340,0
13248,0
17854,0
22550,0
8774,0
6853,0
18003,0
17375,0
397,0
16030,0
13731,0
28073,0
8805,0
7423,0
23623,1
9093,0
3400,0
11072,0
20671,1
19127,0
23375,0
25930,1
12473,0
29230,0
9811,0
10849,0
3360,0
12772,0
13466,0
10152,0
29548,0
2133,0
13266,0
11524,0
5240,0
3207,0
23837,1
3212,0
19027,0
25367,0
18334,0
24616,0
24647,0
1325,0
15174,0
9044,0
24745,0
24582,0
16324,0
27727,0
826,0
9889,0
5303,0
4379,0
5194,0
318,0
22967,0
26932,0
27687,0
24362,0
7214,0
11779,0
5437,0
29485,0
15089,0
372,0
23398,0
26654,0
23306,0
18695,0
8908,0
15144,0
9509,0
9625,0
15564,0
21649,0
2528,0
24071,0
4677,1
4009,0
11695,0
19936,0
24191,0
19484,0
54,0
20887,0
10200,1
7379,0
27587,1
6105,0
19632,0
19222,0
12110,0
27220,0
13962,0
28919,0
2234,0
29912,0
17207,0
3383,0
20773,0
29794,0
28552,0
14057,0
4414,0
29505,0
20856,0
1506,0
25116,0
17710,0
17090,0
2546,0
13765,0
25393,0
9707,0
8685,0
22893,1
13147,0
1858,0
7625,0
20366,0
5462,0
13453,0
1025,0
19026,0
12258,1
17130,0
14752,0
9252,0
13814,0
20106,0
9553,0
22319,0
29109,0
3012,0
14050,0
2978,0
12841,0
5781,0
16379,0
15513,0
11617,0
22798,0
775,0
5600,0
932,0
8353,0
28258,0
13369,0
21144,0
4895,0
11298,0
25531,1
11830,0
5615,0
1566,0
17243,0
18488,0
5953,0
29393,0
9313,0
27929,0
8771,0
22143,0
10543,0
20749,0
12254,0
28713,0
29470,0
20573,0
6562,0
8676,0
12965,0
10125,0
10013,0
6062,0
6737,0
14632,0
23467,1
13451,0
29573,0
4409,0
18317,0
22064,0
19580,0
12451,0
19302,0
6532,0
7262,0
18044,1
26269,0
8864,1
8241,0
21713,0
15549,0
21532,0
12865,0
1840,0
25734,0
18194,0
964,0
10346,0
4062,0
27891,0
24314,0
26317,0
27671,0
6668,0
4025,0
10817,0
22626,0
18071,0
16745,0
27695,0
13189,0
12392,0
5780,0
12950,0
4857,0
3376,0
20161,0
21933,1
8371,0
14943,0
20700,0
2473,0
24685,0
22536,0
18325,0
17072,0
10895,0
22565,0
15157,0
4563,0
10313,0
4,0
18359,0
28048,0
20256,0
13771,0
28533,0
27756,0
25721,0
11372,0
24529,0
25600,0
6699,0
19022,0
387,0
147,0
23076,0
2292,0
8470,0
22737,0
19098,0
4694,0
6983,0
28742,0
13717,0
595,0
22823,0
8532,0
22385,0
24163,0
16526,0
10605,0
10360,0
10980,0
8401,0
2004,0
93,0
6429,0
14583,0
17262,0
11775,0
15300,0
27396,0
12741,0
1766,0
22179,0
10290,0
11875,0
5110,0
11614,0
5507,0
21526,0
20811,0
26295,0
25169,0
16409,0
21836,0
2809,0
27065,0
5910,0
9117,0
23549,0
23440,0
22588,0
6318,0
7687,0
28541,0
12644,0
16156,0
7064,0
18728,0
29335,0
19514,0
10854,0
19923,0
10401,0
12588,0
18671,0
26519,1
20180,0
29594,0
18449,0
17480,0
23884,0
4384,0
671,0
29624,1
22532,0
6433,0
19109,0
10153,0
4833,0
502,0
25097,0
29778,0
22696,0
2698,0
20329,0
11832,0
16427,0
12615,0
5579,0
14092,0
10743,0
22316,0
28704,0
28392,0
24167,0
27214,0
16781,0
17187,0
13801,0
21155,0
20461,0
16035,0
897,0
9988,0
24480,0
21773,0
4050,0
21112,0
25652,0
27416,0
14973,0
2435,0
5674,0
7502,0
14418,0
2271,0
24904,0
19209,0
20390,0
11798,0
14359,0
21716,0
5809,0
19189,0
17714,0
7648,0
24200,0
6012,0
6461,0
28970,0
5733,0
4246,0
10026,0
7038,0
16428,0
23004,0
1534,0
22404,0
11202,0
4335,0
27640,0
7113,0
21291,0
27066,0
15879,0
12558,0
3146,0
20291,0
6099,0
13436,0
13758,0
27883,0
3795,0
24103,0
14061,0
29759,0
19563,0
17295,0
2621,0
7466,0
1823,0
4934,0
15260,0
21497,0
28955,0
28718,1
3362,0
7736,0
5031,0
2276,0
800,0
28792,0
2787,0
9583,1
22006,0
22906,0
14450,0
14525,0
10476,0
860,0
11497,0
1776,0
23103,0
28736,0
21141,0
13698,0
13795,0
4706,0
10989,0
23757,0
22943,0
2448,0
6248,0
4155,0
435,0
11460,0
20822,0
12385,0
3076,0
23313,0
23482,0
17649,0
11600,0
13820,0
3051,0
6831,0
2374,0
29125,0
392,0
27109,0
1705,0
18667,0
29730,0
21737,0
9556,0
459,0
22616,0
11572,0
21014,0
8343,0
578,0
29383,0
9596,0
11171,0
17723,0
23182,0
3677,0
28747,0
18218,0
19781,0
27128,0
21307,0
18576,0
28254,0
26866,0
13156,0
3443,0
9800,0
28611,0
11578,0
10969,0
14471,0
9169,0
7411,0
23219,0
25150,1
24028,0
21481,0
20616,0
14719,0
15992,0
23742,0
20944,0
26257,0
14257,0
29161,0
10979,0
12693,0
28630,0
24458,0
15582,0
15380,0
15516,0
4218,0
1916,0
22875,0
23238,0
18511,0
29094,0
11160,0
6796,0
9402,1
29433,0
9991,0
16214,0
14755,0
17738,0
3167,0
29813,0
22870,0
6459,0
4411,0
858,0
28900,0
9764,0
9720,0
5277,0
8123,0
14230,0
10205,0
18691,0
20119,0
16844,0
1889,0
27490,0
9565,0
8703,0
29650,0
26909,0
16973,0
4097,0
9896,0
1283,0
10319,0
20678,0
683,0
8217,0
19870,0
59,0
18683,0
20707,0
19874,0
27282,0
21119,0
18244,0
1109,0
2142,0
5273,0
5250,0
9034,0
22281,0
23772,0
2218,0
7580,0
27460,0
9726,0
28780,0
237,0
19685,0
11963,0
28007,0
864,0
12550,0
25768,0
13440,0
4221,0
26369,0
24719,0
29413,0
17785,0
22624,0
9426,0
13421,0
16464,0
2390,0
20070,0
20713,0
8300,0
28994,0
20991,0
9998,0
14630,0
5239,0
46,0
16969,0
13757,0
13972,0
12390,0
10241,1
26984,0
6837,0
3418,1
9050,0
25586,0
8742,0
9694,0
23767,0
22973,0
26398,0
2892,0
21878,0
22009,0
27035,0
13809,0
10612,0
9731,0
17503,0
25250,0
9627,0
25816,0
8857,0
23074,0
19794,0
24825,0
9623,0
5338,0
28791,0
10050,0
20595,0
15808,0
29306,0
28057,0
12405,0
2395,0
2502,0
8431,0
5495,0
22521,0
5700,0
2597,0
21065,0
28378,0
200,0
22835,0
1939,0
7582,0
11256,0
2262,0
10323,0
18770,0
310,0
14394,0
22913,0
14887,0
1810,0
19420,0
17296,0
16832,0
20179,0
22484,0
7513,0
28018,0
12120,0
21084,0
23053,0
17746,0
2532,0
10787,1
29824,0
1849,0
7209,0
27206,0
6938,0
26551,0
13639,0
17931,0
29149,0
11921,0
21741,0
22964,0
9077,0
3483,0
27159,0
7989,0
26396,0
11329,0
29859,0
6103,0
861,0
3961,0
24622,0
1052,0
19819,0
837,0
13340,0
27874,0
23689,0
4248,0
25237,0
5413,0
4946,0
15241,0
11579,0
27809,0
13754,0
4041,0
5947,0
28077,0
12937,0
21914,0
15983,0
21521,0
17731,0
29611,0
6654,0
24698,0
9634,0
18787,0
383,0
20389,0
18636,0
29774,0
18631,0
11185,0
16997,0
14506,0
19655,0
16255,0
15145,0
8349,0
3780,0
24601,0
19092,0
22248,0
4046,0
5327,0
24782,0
3240,0
21567,0
20159,0
9733,0
28806,0
14810,0
7894,0
12156,0
19631,0
9472,0
22969,0
16801,0
20392,1
13034,0
27757,0
2322,0
11744,0
28410,0
9624,0
1957,0
21740,0
312,0
26248,0
9581,0
16463,0
11886,0
16465,0
16615,0
24442,0
29095,0
16151,0
3072,0
13646,0
29841,0
13685,0
12273,0
21299,0
7747,0
3490,0
8546,0
8494,0
13284,0
12785,0
14260,0
8890,0
26099,0
2048,0
4963,0
27463,0
12364,0
627,0
23410,0
21360,0
28902,0
17654,0
4702,0
28153,0
21409,0
28716,0
5678,0
23332,0
14964,0
28748,0
3913,0
4617,0
8796,1
16454,0
1473,0
23554,0
7903,0
17772,0
27752,0
21905,0
21108,0
12538,0
17945,0
11987,0
12559,0
739,0
20248,0
14339,0
16995,0
11704,0
22485,0
2671,0
20894,0
13769,0
9190,1
7957,0
29155,0
27566,0
8465,0
3767,0
19776,0
13572,0
29670,0
20795,0
20719,0
25467,0
1290,0
18873,0
23806,0
16928,0
17475,0
1399,0
4584,0
6443,0
18234,0
2397,0
4605,0
4823,0
21018,0
4550,0
550,0
11683,0
13633,0
24179,0
22391,0
12384,0
17548,0
19959,0
17334,0
2270,0
10082,0
11958,0
24534,0
15222,0
29218,0
16626,0
27908,0
15416,0
11586,0
15455,0
21043,0
27525,0
23386,0
3183,0
11905,0
6284,0
25425,0
27692,0
26768,0
9819,0
7485,0
14919,0
16704,0
25948,0
8035,0
13146,0
13191,0
29108,0
16757,0
10679,0
19806,0
15505,0
944,0
24604,0
7305,0
9237,0
19992,0
2598,0
20270,0
19114,0
20422,0
6545,0
27475,0
11195,0
26403,0
23667,0
17959,0
1490,0
28555,0
6932,0
3401,0
16283,0
13893,0
2875,0
19964,0
832,0
15708,0
10085,0
14194,0
14451,0
10560,0
23399,1
3222,0
