game_id,geek_rating
174430,7.942738056182861
182028,7.878582000732422
12333,7.8326616287231445
180263,7.462329864501953
84876,7.470196723937988
173346,7.506340503692627
115746,7.503270626068115
102794,7.90794563293457
96848,7.553929328918457
183394,7.627377510070801
175914,7.7069091796875
233078,7.218445301055908
72125,7.608567714691162
221107,7.007960796356201
68448,7.188955783843994
157354,7.626020431518555
62219,7.5621018409729
37111,7.417134761810303
73439,7.315601825714111
42,7.166711807250977
144733,7.454008102416992
36218,7.316099166870117
30549,7.0714592933654785
185343,7.372289657592773
155068,7.101604461669922
126042,7.684314727783203
21050,7.304664611816406
224037,6.994106292724609
146886,7.452756404876709
155821,7.465158462524414
4098,7.204408168792725
10630,7.054356098175049
161533,7.12885856628418
9209,7.19050407409668
31481,7.0621538162231445
146439,7.246738433837891
140620,7.406980991363525
97207,7.027444839477539
234,7.184399127960205
118048,7.137086868286133
176494,7.424167633056641
172818,7.371433734893799
127060,7.162125110626221
108745,7.061146259307861
82222,7.048468589782715
191189,6.968117713928223
3,6.977475166320801
41114,7.375102519989014
119890,7.204878330230713
760,7.005379676818848
198994,7.034814357757568
59959,7.21810245513916
40692,7.318211078643799
1,6.982082366943359
188834,7.195354461669922
37046,7.079282760620117
176920,7.24022912979126
36932,6.871958255767822
25292,7.1098713874816895
143693,7.265836715698242
209685,7.476531505584717
5,7.017500400543213
243,7.06178617477417
54625,7.077150821685791
24480,7.699091911315918
9217,7.108264446258545
21348,6.980040073394775
15987,7.543918609619141
39683,7.444157600402832
55670,6.944685935974121
79828,7.254714488983154
157969,7.279672622680664
154809,7.128503799438477
144592,7.120856761932373
96913,6.725681304931641
100901,6.918945789337158
66362,7.1439995765686035
189932,6.734588623046875
150658,6.763879299163818
65781,6.9163498878479
27162,7.0923848152160645
11170,6.765012741088867
138161,7.268288612365723
151347,6.876188278198242
128671,7.149119853973389
161614,6.887513160705566
34219,6.814907073974609
50,6.963638782501221
162082,7.2249603271484375
169255,7.064304351806641
34119,7.134395122528076
234669,6.418386936187744
150,6.675119400024414
133848,6.727666854858398
218603,7.245155334472656
160010,6.93363618850708
9674,6.835227966308594
18,7.5043206214904785
39938,6.913323879241943
206941,6.905743598937988
42776,7.048242568969727
2346,6.53456449508667
191862,7.150381088256836
140934,6.81361722946167
219513,6.917183876037598
151022,6.6136088371276855
372,6.446566104888916
163166,6.568297863006592
128780,6.87356424331665
183251,6.888266563415527
30869,6.88923454284668
195539,6.89459753036499
150997,6.624247074127197
18098,6.505134105682373
156009,7.039054870605469
180974,6.971394062042236
130960,6.72471284866333
24508,6.645540714263916
15364,6.889709949493408
171,7.262634754180908
181530,6.896787643432617
30380,7.28740930557251
68425,6.957024097442627
2163,6.453300952911377
38996,6.6199116706848145
92415,6.803797245025635
55600,6.942446708679199
41002,6.915759086608887
22345,6.942687034606934
13004,6.687785625457764
158889,6.2848944664001465
117915,6.866578578948975
47185,6.863325595855713
73761,6.792168140411377
82420,6.323955059051514
156336,6.925408840179443
35570,6.776730537414551
100423,7.102406024932861
156546,6.633917808532715
165722,6.491403102874756
91872,6.730044841766357
30957,6.665139198303223
170416,6.949195861816406
168435,6.979920387268066
94,6.720486164093018
29603,6.659748554229736
5782,6.755105972290039
163602,7.433938980102539
193042,6.559457302093506
111799,6.647670269012451
162286,6.593061447143555
173442,6.471756935119629
12962,6.875612735748291
26566,6.8162841796875
177590,6.741040229797363
132018,6.915157318115234
20100,6.80564022064209
155362,7.02523946762085
212445,6.635610103607178
179275,6.949533462524414
2955,6.604874610900879
203416,6.915010452270508
2453,6.782522678375244
71721,6.985739231109619
201921,6.9185638427734375
218417,6.37277364730835
699,6.501377582550049
89409,6.078185081481934
2398,6.412698745727539
194879,6.90777587890625
554,6.82867431640625
160851,6.957329750061035
19600,6.757176399230957
37380,6.945016860961914
160018,6.575732707977295
1822,6.464353084564209
904,6.504966735839844
173,6.801558494567871
172047,6.742074012756348
26990,6.682981491088867
1301,6.239830493927002
131646,7.083664894104004
161866,6.617711067199707
67492,6.915009021759033
60,6.593729496002197
205398,6.57263708114624
59946,6.825840950012207
183840,6.921880722045898
177678,6.52974271774292
193949,6.6657891273498535
150999,6.8350725173950195
94246,6.512691974639893
197070,6.908914566040039
158435,6.466175079345703
157403,6.9108710289001465
25568,6.543139934539795
137649,6.379333972930908
66056,6.920426368713379
17396,6.57067346572876
104020,6.52794075012207
178336,6.5686163902282715
5737,6.579584121704102
179172,6.860268592834473
142326,6.582324028015137
207691,6.576405048370361
23094,6.543923854827881
27364,6.734070301055908
38159,6.613528728485107
1382,6.372576713562012
37628,6.733426094055176
327,6.474074363708496
30381,6.578960418701172
157001,6.358870506286621
153065,6.602750778198242
833,6.515689849853516
157526,6.889268398284912
91873,6.481444358825684
19100,6.808495998382568
39953,6.717206954956055
40793,6.5325517654418945
157809,6.669748306274414
24068,6.414640426635742
855,6.720459461212158
60435,6.420563697814941
17329,6.471408843994141
527,6.406757831573486
154246,6.84834623336792
25643,6.604197978973389
201825,6.697909832000732
207336,6.746328353881836
1261,6.554230213165283
25821,6.508523941040039
111124,6.356024742126465
11825,6.535758972167969
13823,6.666159152984619
75449,6.403355121612549
15126,6.342822074890137
156858,6.371752738952637
104347,6.7628865242004395
175199,6.473322868347168
1159,6.545024394989014
131014,6.09260892868042
177524,6.7921061515808105
137297,6.672669887542725
204836,6.409289360046387
75165,6.30167818069458
21441,6.481554985046387
47055,6.420890808105469
106,6.300962448120117
72991,6.335142612457275
39684,6.482181072235107
681,6.426254749298096
878,6.35080099105835
152,6.16690731048584
216459,6.521665096282959
22038,6.927907466888428
176229,6.966484546661377
165986,6.392358779907227
826,6.5439629554748535
1897,6.833435535430908
58936,6.441084384918213
142992,6.545401573181152
202670,6.573955059051514
196,6.305315971374512
101785,6.687353610992432
94362,6.68633508682251
166226,6.407659530639648
134453,6.4476704597473145
22484,6.198164463043213
139030,6.739192485809326
145371,6.190498352050781
205716,6.615945816040039
40270,6.520815372467041
216092,6.493263244628906
481,6.539862155914307
38343,6.6010613441467285
12761,6.339700698852539
175223,6.3844194412231445
139771,6.482944488525391
195314,6.363405704498291
244992,6.389945030212402
71836,6.485123157501221
2122,6.342677116394043
242,6.456006050109863
147253,6.406491279602051
205597,6.361029148101807
19622,6.415948867797852
254,6.266687870025635
191300,6.293172836303711
37387,6.287376403808594
146418,6.487499237060547
21920,6.621054649353027
158900,6.673113822937012
198454,6.307163238525391
129459,6.369332790374756
111417,6.312955379486084
168998,6.401156902313232
192860,6.468772888183594
157096,6.668356418609619
31497,6.43032693862915
201,6.461347579956055
18745,6.097744464874268
194626,6.424524307250977
35435,6.232125759124756
143185,6.671192646026611
2393,6.306917667388916
3228,6.278695106506348
104955,6.449008941650391
195571,6.468085289001465
125752,6.077723979949951
116954,6.348504543304443
1662,6.145277976989746
33451,6.131777286529541
212402,6.462218284606934
36522,6.409249782562256
136280,6.167120933532715
73,6.034032344818115
223855,6.339914798736572
10093,6.896958351135254
84,6.149501800537109
21954,6.299790859222412
149951,6.273449420928955
40209,6.331030368804932
438,6.723354339599609
99975,6.256405830383301
361,6.261491775512695
54361,6.18818473815918
111105,6.2988409996032715
122240,5.95175838470459
198740,6.244016647338867
32125,6.456495761871338
13308,6.609951972961426
63759,6.330109119415283
24742,6.783421993255615
86246,6.308368682861328
38545,6.156562805175781
2961,6.086646556854248
180852,6.613184928894043
141736,6.588197231292725
169611,6.233605861663818
31105,6.274392604827881
85005,6.219937324523926
35503,6.247795104980469
145189,6.268054962158203
102435,6.1939287185668945
230933,6.421005725860596
25224,6.361346244812012
2251,5.8889288902282715
91620,6.294398784637451
15953,6.1359477043151855
22877,6.433407306671143
171662,6.272289276123047
19526,6.5249528884887695
144239,6.32963228225708
191894,6.265633583068848
31759,6.035469055175781
24310,6.377540111541748
66588,6.028789520263672
16267,6.319521427154541
194690,6.526041030883789
180592,6.274905681610107
98,7.169416427612305
176083,6.574976444244385
172996,6.233519554138184
73316,6.23038911819458
424,6.324629306793213
232219,6.264678478240967
120,6.370438575744629
13551,6.209282398223877
1107,6.033069133758545
183006,6.08379602432251
113289,6.1843647956848145
85325,6.523440361022949
155969,6.8333258628845215
5781,6.034176349639893
66510,6.137205123901367
66214,6.232043266296387
12589,6.117748737335205
8481,6.438546657562256
206803,6.170169830322266
29972,6.283293724060059
174078,6.258751392364502
9215,6.228854656219482
40393,6.42531681060791
49,6.384509086608887
109291,6.132188320159912
163370,6.0907487869262695
158339,6.325333118438721
137330,6.233238697052002
130,6.208929538726807
4741,6.044864177703857
123239,6.209134101867676
149776,6.276937007904053
398,6.195950984954834
65515,6.386977195739746
21551,6.179556846618652
104581,6.040077209472656
41863,6.514122009277344
176371,6.163151741027832
174973,6.348185062408447
29839,6.17996072769165
12005,6.412085056304932
88408,6.522314071655273
205610,6.3062310218811035
30367,6.012340068817139
217780,6.18612813949585
589,6.090782642364502
172503,6.16159200668335
153507,6.351945877075195
76417,6.264169692993164
65282,6.140420913696289
205418,6.171947002410889
66849,6.143567085266113
76150,6.208461284637451
443,6.200263977050781
140,6.595203876495361
337,6.0137739181518555
29073,6.136568069458008
14,5.973881721496582
169318,6.215887546539307
154509,6.344983100891113
144415,6.243091583251953
67185,6.214961051940918
511,6.19656229019165
175621,6.616322040557861
21632,6.394109725952148
122588,6.254756450653076
137031,6.237050533294678
218530,6.236855983734131
102237,6.381561756134033
205507,6.252820014953613
1219,6.572723388671875
65907,6.453916549682617
132,6.587784767150879
228504,6.128017902374268
2569,6.039732933044434
81453,6.609014511108398
40990,6.162990570068359
4394,6.271144390106201
153097,6.247896194458008
129731,6.188619613647461
7858,6.001585006713867
181293,6.462889671325684
125921,6.244176387786865
203780,6.361502170562744
215841,6.2447943687438965
15954,6.239656448364258
3870,6.218405723571777
7,6.343832015991211
158109,6.2809343338012695
16991,6.319456100463867
20133,6.1812968254089355
3972,6.1104302406311035
163,6.303847789764404
191972,6.100645542144775
199383,6.211122512817383
156548,6.312384605407715
156501,6.267823219299316
158340,6.110495567321777
41429,5.981447219848633
6819,6.003917694091797
35488,6.139804363250732
140535,6.0790252685546875
19427,5.951776027679443
1044,6.0079450607299805
39188,6.137913703918457
31479,5.949576377868652
949,6.160784721374512
234477,6.076107501983643
22532,6.1053619384765625
163839,6.148705005645752
129050,6.251960277557373
6887,6.169792175292969
124969,6.154780387878418
634,6.2649641036987305
103660,6.106485843658447
173200,6.154162406921387
1491,6.168488025665283
217083,5.976378917694092
1423,6.077454566955566
40832,6.016429424285889
157789,6.517189979553223
34969,5.985132217407227
153737,6.178420543670654
37734,6.155709266662598
118705,6.034971714019775
211716,6.056173324584961
19643,6.269405841827393
70519,6.094155311584473
37120,6.3189802169799805
1111,6.662369728088379
148261,6.81203556060791
205045,6.07713508605957
3236,6.127316474914551
140717,6.496242046356201
10550,5.883569717407227
40381,6.077240467071533
118000,6.099602699279785
154003,6.262136936187744
16366,6.178023815155029
805,5.966219425201416
16216,6.161854267120361
204574,6.192526817321777
192934,6.414112567901611
1589,6.2204108238220215
75091,6.121732234954834
8170,6.14435338973999
40770,6.239184856414795
171890,6.178925514221191
36708,6.1393818855285645
101,6.031405925750732
169704,6.088052272796631
27048,6.229434013366699
217398,6.041750431060791
18460,6.0148749351501465
102104,6.292169570922852
28829,6.203622341156006
62871,6.699157238006592
208773,6.015614032745361
30241,6.015871047973633
195372,5.826334476470947
95105,6.307901859283447
6068,6.094205856323242
122,6.1595964431762695
35614,5.998066425323486
143176,6.083078861236572
153623,6.009768486022949
2516,5.960762023925781
96792,5.982355117797852
130882,6.0229878425598145
18985,6.079389572143555
3439,6.380851745605469
24762,6.094778537750244
100679,5.907931327819824
39336,5.874364852905273
43307,6.0237345695495605
3041,6.000335693359375
198190,5.986598014831543
167698,6.680716037750244
38548,6.072010517120361
227460,5.94870662689209
11949,6.133676528930664
6866,5.789416790008545
130877,6.124311447143555
1770,5.852572441101074
23604,5.968020915985107
63091,5.860260963439941
85250,6.089139461517334
202977,6.099254608154297
198609,6.015622615814209
1425,6.036720275878906
97915,6.153754711151123
36367,5.895109176635742
119637,5.790668964385986
176565,6.054022789001465
198830,5.994714260101318
94389,5.975830554962158
14083,6.071652412414551
108722,6.059507369995117
17484,6.0158867835998535
20545,6.099637031555176
827,6.097927093505859
6613,5.965339660644531
35342,5.9394707679748535
24037,6.037476539611816
37231,6.086407661437988
4174,6.153729438781738
35350,6.1124653816223145
135649,6.04384183883667
93538,6.231970310211182
162559,6.142055511474609
218920,6.12713098526001
142854,5.87831974029541
218311,6.1756744384765625
1116,5.893610954284668
30539,6.464372158050537
56885,5.875274658203125
163640,6.37197208404541
231696,5.97396993637085
32165,6.124564170837402
2639,6.165181636810303
206150,5.949504852294922
19679,5.799130916595459
3605,5.887955665588379
149853,5.9454827308654785
107190,5.941751003265381
163930,6.1777448654174805
19948,6.068325996398926
635,6.052119255065918
216403,5.928692817687988
205867,5.97888708114624
41490,5.915631294250488
68228,5.951924800872803
84469,6.211267948150635
32441,6.1984663009643555
65673,6.110708713531494
25794,6.052295684814453
5795,5.995147705078125
184522,6.321999549865723
139562,5.860413074493408
2981,5.796013832092285
101020,5.9053215980529785
153,6.035090446472168
23985,6.004566669464111
181260,6.057680606842041
230305,5.912846565246582
205125,5.954052448272705
4204,5.947431564331055
2238,6.212623119354248
238638,5.926839828491211
144734,6.028522491455078
173761,5.885803699493408
155451,5.908703804016113
85,5.897374629974365
20806,5.936402797698975
175878,6.53365421295166
242302,5.930273056030273
444,5.883732795715332
174614,6.072279930114746
42743,6.11647891998291
2795,6.1415581703186035
155173,6.175673961639404
22278,6.006983280181885
626,6.158856391906738
210290,5.935534954071045
68858,5.830578804016113
21892,6.0997772216796875
175549,5.976605415344238
128063,6.02970552444458
130390,5.824898719787598
173047,6.04449462890625
338,5.897382736206055
53168,5.920986652374268
25071,6.281601905822754
1430,5.91603422164917
156266,6.051943778991699
31503,5.920940399169922
95234,6.164215087890625
216428,5.815744400024414
172546,6.14676570892334
220517,5.825465679168701
6366,6.086470127105713
139992,6.007864952087402
200847,6.144697189331055
29687,6.08221435546875
193210,6.057162284851074
371,5.863541126251221
11265,6.055332660675049
160418,5.959376335144043
1585,5.801372528076172
220775,5.883232116699219
29663,5.807709217071533
8829,5.76180362701416
12632,6.102051258087158
200934,5.902275085449219
2652,5.869945526123047
165662,5.985365867614746
104994,6.078019618988037
8817,5.869706153869629
173341,6.20440673828125
1372,5.7655792236328125
20080,6.162294864654541
102898,5.990005016326904
128664,5.959802627563477
130899,5.936164379119873
2455,5.931633472442627
38032,5.930644512176514
176803,5.936814308166504
98347,5.954931259155273
193322,5.9581475257873535
101786,5.78018045425415
180901,5.866971015930176
226634,5.9831461906433105
141,6.009650707244873
782,5.8484649658203125
3986,5.802332878112793
2290,6.035854816436768
38657,5.948166370391846
293,5.962557792663574
1036,5.842495918273926
159504,5.948355674743652
3893,5.787142276763916
186721,5.867745876312256
131449,5.937805652618408
180198,6.073898792266846
92120,6.006231307983398
203411,5.92415714263916
193840,6.159973621368408
4529,6.419056415557861
184491,5.868869304656982
38797,5.889751434326172
116858,5.968953609466553
31954,6.0444135665893555
146735,6.154330730438232
9825,5.910335540771484
143096,5.790159702301025
4286,5.8405561447143555
140457,5.995185375213623
71021,6.185410499572754
17651,5.926411151885986
75547,6.0575032234191895
32114,5.925167083740234
113293,5.895125865936279
7929,6.155909538269043
65534,5.920648574829102
756,5.755966663360596
66081,6.033522605895996
181617,5.767857074737549
20295,5.769384384155273
200924,5.860780239105225
143075,5.890386581420898
214396,5.872628211975098
6542,5.791891098022461
159492,6.033409595489502
173319,5.778716564178467
153999,6.437527179718018
142267,5.883203029632568
200171,5.884037971496582
19947,5.998044967651367
22237,5.887096881866455
1830,6.02094030380249
1552,6.089969158172607
24878,5.966922283172607
95,5.8818039894104
186323,5.832572937011719
17970,6.201610565185547
804,5.797532081604004
130605,5.815907955169678
125924,5.853663444519043
2604,5.913320541381836
171226,5.887937545776367
67181,5.866735458374023
1323,6.012737274169922
162263,6.0016865730285645
4258,5.908563613891602
4471,6.188246726989746
13362,5.988528251647949
392,5.883144855499268
172971,5.802824020385742
40107,5.924516677856445
2165,6.241217136383057
115233,5.822902202606201
2535,6.030986309051514
2470,5.791518211364746
908,6.194024562835693
1209,6.037891387939453
186864,5.830108165740967
6707,6.791658878326416
172242,6.5678253173828125
3464,5.772869110107422
177147,5.823399543762207
23,5.890703201293945
110,5.937617778778076
1821,5.760832786560059
66424,6.214414119720459
237087,5.775060176849365
7804,6.153951644897461
37696,6.012267589569092
403,6.214231014251709
5336,5.943458080291748
84464,5.74083137512207
221769,5.777141571044922
208775,5.786494731903076
143484,5.813941955566406
911,5.846952438354492
6778,5.777266502380371
4214,5.800923824310303
145012,5.882643222808838
25900,5.861634731292725
98085,6.082193374633789
213492,5.88007926940918
205057,5.853229522705078
39832,5.905279159545898
3632,5.920654773712158
164865,6.174439907073975
8668,5.955380439758301
47046,5.836133003234863
229791,5.92280387878418
179835,5.887303829193115
195227,5.906548023223877
163931,5.950262546539307
41302,5.759646415710449
38318,5.886739730834961
172584,5.942594528198242
2077,5.846769332885742
313,5.7877116203308105
210274,5.910916328430176
13005,5.814521312713623
816,6.004817962646484
23890,5.771970748901367
28396,5.899101734161377
192297,5.8338212966918945
7935,5.81502628326416
45134,6.400039196014404
12004,6.095061302185059
16497,6.005042552947998
146784,5.84605073928833
9675,6.002223014831543
700,6.362596035003662
231280,5.889161109924316
13751,5.911247253417969
34496,6.001283168792725
58798,5.999448776245117
25114,5.8068342208862305
107704,5.773490905761719
26235,5.915778636932373
231197,5.868851661682129
111502,5.873086929321289
3593,5.790827751159668
40276,5.923251152038574
755,5.8959641456604
108831,5.769646644592285
4505,5.807746410369873
8229,5.900465488433838
129820,5.916545391082764
136192,5.87039852142334
62853,6.031538963317871
224133,5.783324241638184
206206,5.8632121086120605
3408,5.817008972167969
1206,5.787062644958496
55601,5.901565074920654
1350,5.8659563064575195
173536,5.9823174476623535
42328,5.9466938972473145
7571,5.877325534820557
155025,5.850770473480225
92643,6.008166313171387
8130,5.824098110198975
29387,6.190461158752441
171630,5.975341796875
21373,5.725671291351318
2150,5.98305082321167
125048,5.789724349975586
23685,5.903585910797119
218050,5.849950313568115
128733,5.800067901611328
62225,5.8487324714660645
28044,5.785568714141846
302,5.728483200073242
215463,5.840227127075195
144325,6.007269382476807
11106,5.84085750579834
99358,5.765542507171631
161297,5.841719150543213
3730,5.763816833496094
159868,5.884052753448486
834,5.770082950592041
20101,5.761721134185791
4079,5.738768100738525
2129,5.882405757904053
144388,5.939374923706055
57998,5.714779853820801
193670,5.755634307861328
135262,5.879053115844727
6203,5.798523902893066
206156,6.019027233123779
8515,5.76106071472168
139508,5.803704261779785
104377,5.855437755584717
180761,5.871798992156982
4001,5.837355613708496
153425,5.930187702178955
228668,5.771919250488281
207572,5.793962001800537
13123,5.747733116149902
3463,5.754018306732178
13084,5.732635498046875
213266,5.766787052154541
4550,5.838530540466309
1143,5.8442583084106445
5445,5.764938831329346
165876,5.8112664222717285
3125,5.699592590332031
13354,5.706256866455078
89,5.775266170501709
178044,5.744891166687012
22420,5.841429710388184
43320,5.877308368682861
639,5.91326379776001
6930,5.746493816375732
25294,5.739006042480469
34227,5.7956767082214355
63196,5.754002094268799
90041,6.13672399520874
28805,5.7482733726501465
192240,5.795598983764648
7843,5.809855937957764
108344,5.926355838775635
119632,5.959830284118652
72644,5.77022123336792
154910,5.833002090454102
1376,5.905861854553223
6955,5.957569599151611
88126,5.824070930480957
152510,5.7623443603515625
228411,5.751922130584717
19989,6.009061336517334
162107,5.922708511352539
43264,5.84118127822876
963,6.035933017730713
4205,5.734373092651367
85000,5.786915302276611
193953,5.816153526306152
175222,5.719672203063965
211940,5.828737735748291
310,6.03798246383667
26447,5.913881301879883
189350,5.840488433837891
126239,5.939912796020508
27532,5.965473175048828
3318,5.929487705230713
161527,5.7527756690979
121041,5.768423557281494
42111,5.988036632537842
163929,5.760392665863037
10934,6.069535732269287
129976,6.005520343780518
194232,6.002516746520996
138166,5.803378105163574
173096,5.737133979797363
300,5.9328837394714355
207753,5.887400150299072
149361,5.7757182121276855
6353,5.806954383850098
86156,5.898693084716797
124590,5.757425785064697
84869,5.8134765625
1535,5.765377521514893
17027,5.989640235900879
248158,5.798534870147705
178210,5.904892921447754
144567,5.767038345336914
213370,5.823235034942627
5740,5.763930797576904
2079,5.882904529571533
621,5.842583179473877
161926,5.839197635650635
38821,5.9129557609558105
17988,5.737272262573242
123536,5.73427152633667
37461,5.9185709953308105
173018,5.951076030731201
57073,5.760628700256348
1576,5.848357200622559
30166,5.919100284576416
30328,5.896812915802002
35400,5.817460060119629
146228,5.825472354888916
132497,5.8862810134887695
184824,5.694815635681152
14035,5.872791290283203
193867,5.742209434509277
90009,5.735517501831055
127784,5.84602689743042
181176,5.769323348999023
132326,5.757979869842529
170901,5.735452175140381
11231,6.003025054931641
182,5.813115119934082
68603,5.758769512176514
17923,5.638627052307129
16804,5.872034549713135
1445,5.8200507164001465
711,5.763577938079834
118385,5.788247585296631
37672,5.906124591827393
13507,5.6656599044799805
123045,5.739439964294434
145601,5.799829483032227
194723,5.72633695602417
12194,6.033393383026123
185709,5.7339067459106445
25574,5.924383163452148
3608,5.901950836181641
13530,5.805770397186279
22303,5.907304763793945
6137,5.712960720062256
183578,5.705415725708008
194,5.828344821929932
104573,5.833403587341309
66781,5.803874969482422
74,6.784232139587402
3414,5.842615127563477
2579,5.776379585266113
69851,5.702223777770996
197439,5.7396111488342285
172965,5.850376129150391
1894,5.855680465698242
4974,5.7341837882995605
35369,5.911552906036377
25685,6.28747034072876
207208,5.866105079650879
95613,5.775018692016602
82,5.859728813171387
3218,5.9526262283325195
92363,5.7486891746521
145975,5.7501630783081055
66982,5.74409818649292
99630,5.759671211242676
37296,5.7780656814575195
17997,5.63845157623291
139147,5.840526103973389
93971,5.774786472320557
4475,5.802306175231934
145654,5.7649922370910645
181161,5.758378028869629
4984,5.7518181800842285
16320,5.810617923736572
10653,6.117961883544922
85652,5.80720853805542
146,5.896288871765137
7103,5.749942302703857
10501,5.787024021148682
153497,5.971989631652832
10642,5.686458587646484
79067,5.6992340087890625
24416,5.746912956237793
9021,5.911656379699707
203740,5.8350911140441895
181440,5.816379547119141
3040,5.771237373352051
163172,5.71318244934082
151,5.712685585021973
3573,5.76112174987793
59936,5.786746978759766
1927,7.135164260864258
21358,5.683485507965088
163027,5.799442768096924
1125,5.721034526824951
67601,5.7172417640686035
195242,5.8389811515808105
182074,5.905923366546631
3095,5.757050037384033
23981,5.739405632019043
195237,5.811595439910889
1708,5.90087366104126
210040,5.762796401977539
121423,5.985220909118652
12355,5.679535388946533
126,5.882615566253662
144574,5.699114799499512
1982,5.81771183013916
172896,5.742448806762695
149910,5.707796573638916
229427,5.683667182922363
3495,5.975870609283447
127282,5.812957286834717
82955,5.7368388175964355
228133,5.747818470001221
5357,5.753067493438721
13172,5.84718132019043
237251,5.712268829345703
63975,5.733765602111816
38429,5.720967769622803
54433,5.904179096221924
169215,5.83964204788208
129974,5.743393898010254
3597,5.725418567657471
1339,6.129339218139648
86177,5.823714256286621
155827,5.7889885902404785
129359,5.898778438568115
718,5.821114540100098
5677,5.667807579040527
122943,5.687136650085449
393,5.72069787979126
27117,5.725460052490234
109451,5.8824567794799805
3383,5.687173366546631
3412,5.742624282836914
33732,5.922873497009277
173460,5.743821144104004
2872,5.7548980712890625
2063,5.763879776000977
153639,5.780149936676025
884,5.881683826446533
164158,5.744688034057617
194196,5.833133220672607
89668,5.754387378692627
1883,5.748838424682617
172613,5.7434186935424805
8719,5.714715480804443
250,5.806766510009766
218129,5.75614070892334
193651,5.807368278503418
229632,5.71566915512085
23779,5.72970724105835
270,5.814910888671875
16373,5.900732040405273
316,5.730576992034912
189869,5.742566108703613
229741,5.7389655113220215
30641,5.756707668304443
3613,5.738801956176758
202732,6.111815929412842
562,5.721986770629883
171492,5.753561019897461
4,5.754497051239014
2667,5.673001766204834
766,5.681577205657959
31697,5.896996021270752
213549,5.719273567199707
157912,5.775805473327637
204493,5.704841613769531
5243,5.708041667938232
4637,5.67103910446167
187679,5.763724327087402
13266,5.739728927612305
11182,5.749275207519531
195709,5.824756622314453
184866,5.686362266540527
426,5.795445919036865
175088,5.688271522521973
13511,5.95298433303833
36597,5.704829216003418
194100,5.866879940032959
32990,5.723361968994141
186279,5.751437187194824
2447,5.772578239440918
8935,5.80714225769043
515,5.694000720977783
16443,5.708755016326904
104640,5.672375202178955
34747,5.805882930755615
5869,5.796271324157715
171964,5.751070976257324
9342,6.010342597961426
217362,5.7867937088012695
123844,5.773069858551025
199242,5.714437961578369
18932,5.933447360992432
69136,5.760397434234619
201308,5.686342716217041
217949,5.866403102874756
144526,5.712144374847412
175495,5.812439918518066
26946,5.691513538360596
46323,5.810644626617432
3710,5.742214202880859
31621,5.8803486824035645
623,5.6969523429870605
65334,5.774795055389404
4008,5.750748634338379
159581,5.750065803527832
2076,5.872344017028809
52568,5.676002025604248
29678,6.596097469329834
193693,5.73159122467041
188188,5.662158489227295
32129,5.702356815338135
124390,5.791578769683838
216234,5.770083427429199
171339,5.811981201171875
40,5.670810222625732
4106,5.728128433227539
57141,5.6862335205078125
125315,5.87360954284668
230791,5.8725457191467285
5306,5.724168300628662
33759,5.718605041503906
980,6.025665283203125
135796,5.710580825805664
19187,5.708061695098877
144525,5.816774845123291
1233,5.813908100128174
233976,5.823359966278076
217321,5.735128879547119
142557,5.679647445678711
9615,5.789829730987549
176817,5.76293420791626
25605,5.7415947914123535
185021,5.692564010620117
160419,5.706881046295166
199780,5.68300724029541
200551,5.712302207946777
204599,5.747936725616455
1412,5.704873085021973
159910,5.6764068603515625
67593,5.8181633949279785
126021,5.697546482086182
566,5.737911701202393
63,5.7309699058532715
168537,5.853507995605469
5635,5.730690956115723
181265,5.775726318359375
163399,5.699260711669922
33767,5.676197528839111
311,5.754071235656738
172560,5.692531585693359
121657,5.714637756347656
2379,5.940404891967773
129382,5.705449104309082
37906,5.717381000518799
25695,5.726766586303711
156175,5.696006774902344
171278,5.695621967315674
5699,5.788483619689941
43526,5.710653305053711
4610,6.0345964431762695
117995,5.727531433105469
75828,5.6572651863098145
19727,5.826597213745117
233956,5.728733539581299
89342,5.87671422958374
185380,5.6667890548706055
4086,5.685132026672363
153991,5.698528289794922
6657,5.761080265045166
121409,5.79055643081665
174260,5.73624849319458
30324,5.740963459014893
108665,5.917024612426758
35634,5.752405166625977
223931,5.6987385749816895
11705,5.732035160064697
153905,5.700758934020996
67148,5.782320499420166
41612,5.791893482208252
223602,5.792047500610352
66076,5.775053977966309
5686,5.671573162078857
38387,5.739123344421387
153238,5.688376426696777
147568,5.679055213928223
148531,5.697803020477295
142558,5.674048900604248
39332,5.728771686553955
91666,5.675900459289551
174192,5.717884540557861
197178,5.71940803527832
6226,5.712644577026367
147624,5.8081254959106445
161965,5.785276889801025
26458,5.694261074066162
158970,5.718512535095215
227893,5.680682182312012
8066,5.656026840209961
159209,5.721429824829102
22479,5.800511360168457
8222,5.773430347442627
95386,5.761723041534424
85800,5.688727378845215
185381,5.6667890548706055
195296,5.677708625793457
102690,5.680731296539307
213661,5.718078136444092
152241,5.827009201049805
224125,5.762814998626709
1509,5.667164325714111
191543,5.858870506286621
138614,5.686200141906738
2252,5.6701507568359375
1149,5.824455738067627
65272,5.713511943817139
160012,5.636064052581787
99078,5.75156831741333
212580,5.667820930480957
87200,5.727821350097656
89695,5.701422214508057
155495,5.754228591918945
133747,5.690154552459717
131332,5.7245707511901855
2536,5.729405879974365
8798,5.657649040222168
33785,5.703085899353027
23827,5.645102500915527
226588,5.686437129974365
137872,5.747949123382568
40491,5.6711907386779785
88871,5.703195571899414
3595,5.765213966369629
76247,6.078517436981201
2254,5.714884281158447
128218,5.731254577636719
192656,5.672226905822754
29017,5.626163005828857
42396,5.6897454261779785
1463,5.8060383796691895
4275,5.683117866516113
11122,5.694972038269043
15167,5.729521751403809
8495,5.762786388397217
206859,5.737475395202637
230304,6.006560802459717
104805,5.77057409286499
7176,5.7345662117004395
68188,5.763852119445801
26138,5.662081718444824
8887,5.675964832305908
38364,5.895540714263916
154895,5.666682243347168
129010,5.672529697418213
23928,5.784132957458496
2422,5.737513542175293
909,5.677548885345459
3836,5.694354057312012
220774,5.728804111480713
191998,5.644378185272217
3226,5.67829704284668
29456,5.994503021240234
22864,5.784826755523682
205831,5.706855773925781
150294,5.653097152709961
64897,5.639604091644287
224272,5.681594371795654
14039,5.684238433837891
193485,5.7654876708984375
427,5.89381217956543
159446,5.708725452423096
1358,5.704030513763428
15410,5.712043762207031
841,5.7000250816345215
31853,5.698229789733887
289,5.691445350646973
476,5.650514125823975
147206,5.698858261108398
235465,5.649878978729248
7844,5.675094127655029
171037,5.708198547363281
12131,5.783634662628174
5772,5.653481960296631
163354,5.846210956573486
188991,5.671289920806885
25314,5.697177886962891
66798,5.706547737121582
122691,5.709062099456787
22948,5.937271595001221
9386,5.6530961990356445
137,5.856577396392822
41100,5.720177173614502
18057,5.613846778869629
14007,5.741943836212158
17536,5.6798787117004395
36,5.866239547729492
42448,5.761565685272217
154804,5.679513931274414
158982,5.771063327789307
232079,5.680698394775391
199076,5.685224533081055
13230,5.758063316345215
137406,5.688052654266357
102681,5.697695732116699
988,5.72319221496582
72285,5.679352760314941
99097,5.82513427734375
5941,5.6969804763793945
40941,5.704090595245361
84834,5.705907821655273
2610,5.640541076660156
94483,5.700599193572998
192906,5.6938629150390625
376,5.860594272613525
2574,5.7335686683654785
164027,5.687123775482178
17533,5.629759788513184
166418,5.712422847747803
112991,5.64813232421875
31542,5.7167816162109375
233974,5.670588493347168
158237,5.7185258865356445
231991,5.688694000244141
58886,5.842613697052002
155636,5.663774013519287
225885,5.684467792510986
5171,5.692096710205078
239840,5.692502498626709
82272,5.782132148742676
79068,5.711703777313232
14054,5.678645610809326
193212,5.847883224487305
93819,5.693356513977051
13728,5.877572536468506
131232,5.673551559448242
10559,5.770787715911865
182352,5.702038288116455
13016,5.66672420501709
190232,5.690102577209473
210101,5.697868824005127
166280,5.679421424865723
29198,5.897636413574219
206844,5.70009708404541
144382,5.719604015350342
46362,5.701473236083984
4228,5.721250534057617
170041,5.687895774841309
23263,5.74303674697876
7634,5.674612998962402
184704,5.682036876678467
40483,5.775172233581543
218421,5.706768035888672
608,5.69672155380249
238546,5.684418678283691
138338,5.714134216308594
119804,5.6947455406188965
66080,5.712456226348877
1633,5.6765642166137695
129380,5.756958484649658
103814,5.730755805969238
94365,5.764746189117432
1782,5.700099945068359
179259,5.783994197845459
166859,5.703312873840332
144150,5.720138072967529
239464,5.67943811416626
1449,5.66963005065918
4318,5.7554931640625
129091,5.6567463874816895
1814,5.759702205657959
248949,5.676541328430176
404,5.862150192260742
31554,5.654258728027344
223950,5.6670823097229
147883,5.65053653717041
30057,5.802038192749023
5034,5.721163749694824
1253,5.765162944793701
99479,5.664169788360596
207568,5.6846723556518555
36480,5.827099323272705
189062,5.702606678009033
108783,5.699200630187988
736,5.745063781738281
65814,5.739892482757568
99655,5.684680938720703
5829,5.677149295806885
191790,5.688920497894287
4980,5.678724765777588
86167,5.707280158996582
181120,5.6761651039123535
32149,5.6616291999816895
127839,5.773515224456787
146880,5.679978847503662
224517,5.684286117553711
8232,5.706943035125732
176589,5.697164058685303
26118,5.657794952392578
93194,5.78327751159668
137480,5.672049522399902
46669,5.696403980255127
161761,5.6906046867370605
4201,5.690443992614746
18824,5.6541595458984375
146207,5.6550421714782715
94733,5.741995334625244
192274,5.657181262969971
91817,5.680903911590576
234711,5.674289703369141
207919,5.679837703704834
9132,5.7473554611206055
63743,5.736213207244873
1471,5.743130207061768
197101,5.658977031707764
108157,5.708963871002197
229453,5.684749126434326
29952,5.663705825805664
4113,5.6543169021606445
57803,5.7047576904296875
39045,5.702106952667236
105023,5.74765682220459
4657,5.657663345336914
10681,5.86485481262207
186302,5.675308704376221
68199,5.6600141525268555
4862,6.117895126342773
37383,5.687635898590088
31821,5.6937150955200195
223518,5.7496562004089355
150996,5.705313682556152
174611,5.691808223724365
206175,5.706513404846191
5410,5.669044017791748
27938,5.699772357940674
136890,5.701462268829346
2742,5.670274257659912
122599,5.809777736663818
1157,5.900811672210693
1257,5.727518081665039
99132,5.689205169677734
4289,5.673013687133789
201054,5.8413987159729
263,5.710203647613525
161620,5.667098045349121
193551,5.665154457092285
146943,5.701990127563477
83068,5.804722785949707
3133,5.713593006134033
108430,5.680385112762451
156457,5.694216251373291
35801,5.756757736206055
9556,5.673839569091797
51195,5.703914165496826
8976,5.701722621917725
113931,5.663839340209961
35865,5.712518215179443
207898,5.662714958190918
55911,5.7491068840026855
6569,5.747288227081299
42713,5.803751468658447
2997,5.788128852844238
