Id,TotalViews
371948,1549.6304931640625
464902,1172.3787841796875
63917,549.5177001953125
969830,414.93701171875
39317,13380.3701171875
938452,21120.798828125
84803,27757.046875
826746,318.3661804199219
247,3404.318603515625
989111,34.94202423095703
644942,779.60302734375
145158,6292.85107421875
58779,17.325864791870117
31345,1793.2613525390625
58896,25.15357208251953
37209,6746.21044921875
617707,203.41603088378906
758843,937.99603271484375
613860,10543.216796875
23688,807.360595703125
410745,12909.0263671875
859854,205.25128173828125
608814,326.6302795410156
653352,435.6336975097656
47659,518.9517822265625
527760,534.10577392578125
1061344,61.40464782714844
34081,3212.121826171875
112445,526.5126953125
22311,6410.8740234375
676981,252.59837341308594
783808,108.90515899658203
954042,213.89540100097656
1048457,510.8728332519531
371613,222.8931427001953
1086289,80.00404357910156
900961,81.04637145996094
1137754,3344.349365234375
524232,3091.77587890625
695786,361.0184020996094
791326,314.6084899902344
1171647,26.165748596191406
944244,57.415042877197266
1156258,186.94036865234375
905482,92.1522216796875
514705,3183.731689453125
1049303,198.49290466308594
10625,1637.2191162109375
71333,481.4448547363281
1056634,30.95113754272461
244521,10149.3544921875
668621,423.2310791015625
699927,625.033447265625
895897,102.93949890136719
490045,815.7545166015625
866718,137.176513671875
1057557,41.212039947509766
455773,475.3450927734375
168334,2003.0438232421875
92624,1320.477294921875
15262,2890.669921875
98125,221.2740936279297
68239,9997.4453125
12280,3043.351806640625
149,9967.6669921875
745723,129.11936950683594
2351,3511.0537109375
27927,772.69781494140625
792221,557.206298828125
228716,327.2591552734375
504848,3028.833984375
410741,422.00079345703125
860155,100.7821044921875
605460,431.71380615234375
902172,343.1725769042969
41773,1020.6699829101562
783554,104.460693359375
1109781,76.58496856689453
55488,2016.1929931640625
783560,130.25567626953125
191985,881.06280517578125
645004,924.59405517578125
560711,5372.77001953125
832340,614.9947509765625
34291,1457.3787841796875
887068,126.54266357421875
348,19761.669921875
544367,3882.181640625
577082,812.20233154296875
134358,723.59051513671875
847951,237.40512084960938
980854,43.7741584777832
1974,122854.3515625
1136944,86.56648254394531
353386,1062.24072265625
535591,1582.9083251953125
900404,79.72577667236328
782925,128.6717987060547
2560,2569.642333984375
5864,1281.638671875
1452,6084.9306640625
967198,54.647926330566406
1017522,51.7907600402832
763411,147.6558837890625
122398,36171.95703125
747,85119.4140625
500885,53761.8671875
462183,7408.30908203125
606225,352.6394348144531
844352,1115.4051513671875
1123705,50.28120803833008
34111,4727.54638671875
753640,261.1695556640625
579841,410.5552062988281
474583,204.39297485351562
506054,356.6105041503906
974990,418.26617431640625
1973,3580.24853515625
1016,10067.5673828125
1108728,2145.33203125
226814,1634.0596923828125
821662,848.83758544921875
315333,442.0462341308594
486270,2892.5244140625
411316,288.9725646972656
24521,777.87298583984375
1084846,267.8721618652344
861116,251.14968872070312
58286,25.07471466064453
637653,2194.841796875
20453,387.2504577636719
700330,147.5653076171875
225598,303.5023193359375
1685,1847.646484375
1136518,102.3342514038086
693211,227.7969970703125
1043963,239.5836944580078
462845,217.9638671875
995627,148.37911987304688
800214,513.7750244140625
44152,1689.932861328125
274457,846.0198974609375
729799,653.33221435546875
960215,47.59126281738281
424114,448.5794372558594
787482,98.692413330078125
1062363,25.77585792541504
917680,98.41083526611328
944556,251.37254333496094
1169346,11.841215133666992
410611,517.1256103515625
587651,549.354736328125
1185149,67.54376220703125
992,3364.07958984375
459951,187.7517852783203
769411,121.03925323486328
36638,1030.26123046875
437114,1691.474365234375
335363,4455.283203125
1011941,494.2160949707031
699311,7198.8642578125
964331,110.62427520751953
1068264,200.3790740966797
997271,339.270751953125
164704,13844.3056640625
1117292,187.91729736328125
250953,1220.90478515625
1113962,36.07239532470703
107357,433.787841796875
713,24960.9453125
829413,2253.137451171875
972994,150.40281677246094
404790,288.4966125488281
511677,429.24072265625
580154,411.681640625
1146726,174.44810485839844
885773,5967.06103515625
385915,4849.16015625
1858,14745.6923828125
770789,386.18035888671875
1215,61114.53125
562284,439.48779296875
477721,1193.6961669921875
814598,571.8359375
559549,2823.281982421875
824859,521.43548583984375
852005,1073.842041015625
585099,1788.866455078125
858744,75.53437042236328
497402,424.6473388671875
860872,170.34730529785156
371781,657.09381103515625
946898,388.4714660644531
34002,1330.167236328125
33078,2353.556396484375
160337,11537.8671875
559420,388.610595703125
2263,11413.1845703125
811572,3762.025390625
1152111,17.788169860839844
727567,135.5753173828125
108877,7324.1083984375
936288,305.0744323730469
805871,311.3805847167969
936247,66.65299987792969
56055,462.6844787597656
898535,135.42469787597656
309517,502.82635498046875
703829,142.2194366455078
847957,104.392578125
1202214,206.45301818847656
1125235,268.33343505859375
788372,146.69647216796875
2321,158749.140625
20569,1131.5335693359375
12147,1192.458740234375
49290,11400.3486328125
1120303,28.75130271911621
804435,138.49395751953125
799259,138.8303680419922
732777,479.8489990234375
266168,742.6031494140625
1006860,524.87628173828125
1019097,648.25408935546875
1178252,221.61398315429688
2606,3442.290283203125
1154479,180.3853759765625
695340,827.99688720703125
1514,2784.339599609375
15776,1001.4946899414062
405969,330.9521484375
731452,159.54714965820312
969158,86.52278137207031
58791,20.43572998046875
70176,31043.787109375
2676,1208.249755859375
404447,262.87939453125
971841,142.9666290283203
2423,3449.786376953125
1050896,1595.02734375
191114,5312.14599609375
1082416,350.193115234375
642715,155.40792846679688
104585,4798.10791015625
782994,104.460693359375
971347,186.81106567382812
15213,2133.960205078125
11309,15186.5322265625
305170,263.8249816894531
1035997,9188.4091796875
687793,1212.75146484375
566507,1045.0244140625
1014171,143.67799377441406
512081,2412.2939453125
783648,109.91040802001953
783139,126.54917907714844
787163,129.85133361816406
655920,180.57513427734375
49853,4809.73095703125
38887,899.3497314453125
934703,121.75902557373047
31428,1666.756591796875
1033,17302.36328125
6333,1934.9776611328125
4311,1344.6639404296875
895094,185.32485961914062
1198784,35.89083480834961
567769,2430.241455078125
26608,3007.591552734375
415635,1171.7958984375
605915,209.62359619140625
924197,104.30863189697266
893675,136.7242889404297
45504,626.02435302734375
82756,887.983642578125
1127928,96.639007568359375
58656,17.325864791870117
167377,13558.728515625
949731,140.07704162597656
859835,161.39552307128906
37598,4427.5185546875
870293,105.16654205322266
34590,8010.154296875
1146214,22.328758239746094
29561,582480
272148,821.3218994140625
1028943,82.367462158203125
821893,4063.740966796875
1155816,89.97198486328125
847456,298.0495910644531
696491,746.468994140625
592735,502.0908203125
1258,5427.576171875
844810,95.96114349365234
836721,685.778564453125
17474,1099.3079833984375
1399,3333.33203125
915054,162.3428192138672
19404,1222.78662109375
504308,1107.081787109375
18174,713.5067138671875
559305,239.34494018554688
260364,484.32257080078125
33889,1873.5577392578125
36614,1521.1434326171875
242512,4470.4775390625
739577,544.91412353515625
891563,447.3450012207031
781846,183.2024383544922
87188,706.16998291015625
12265,659.70147705078125
1218132,13.979318618774414
5833,1908.6201171875
606286,416.0740661621094
39,18309.28515625
41456,12204.86328125
868896,117.60702514648438
488624,1658.368408203125
811242,123.90394592285156
127117,577.385986328125
1092024,977.59930419921875
482805,154.375244140625
608626,3108.9248046875
850584,365.3086242675781
568930,171.40451049804688
18105,2108.376708984375
498687,580.57025146484375
757458,1239.409423828125
650631,369.34344482421875
829060,404.3302917480469
783507,126.54917907714844
3705,11076.6376953125
540423,670.5159912109375
547304,450.2550354003906
671150,128.5202178955078
68615,328.15753173828125
783310,129.32029724121094
950284,46.30589294433594
932850,283.838134765625
2290,8531.1982421875
661938,125.87315368652344
34047,1493.319580078125
1187824,35.324462890625
194,25342.08203125
1012162,36.93095397949219
17979,1017.1015014648438
31237,1665.8294677734375
32809,12695.72265625
1000904,67.9928970336914
145753,1333.2259521484375
22741,40782.16796875
989669,178.3633270263672
870677,396.2450256347656
9232,172568.71875
1036526,970.208984375
783415,328.99700927734375
604871,535.74896240234375
1131458,13143.2119140625
569234,1659.23046875
819515,630.3978271484375
705254,2649.934814453125
1215557,36.40898132324219
318,11463.8330078125
2628,3689.7607421875
1023726,155.88587951660156
114467,1390.667724609375
1201645,44.60871505737305
907845,76.66667175292969
18767,1045.4027099609375
470264,242.7259063720703
932032,876.7783203125
284327,430.40509033203125
365716,442.72314453125
680165,18063.04296875
653,14984.4609375
982280,425.17535400390625
108441,9570.6025390625
1126695,81.93476104736328
715094,146.4136505126953
845924,151.9649200439453
902298,2744.416015625
587005,289.17242431640625
18068,2136.771484375
557629,364088.375
474713,268.6672058105469
503922,2428.378662109375
960555,316.2774658203125
627279,780.33648681640625
783326,129.32029724121094
275012,728.33782958984375
576683,965.37591552734375
1184806,23.356800079345703
937570,384.3070068359375
1050075,56.182159423828125
6785,1104.0279541015625
757066,494.5871887207031
24498,538.39801025390625
776584,117.83599853515625
11896,813.33319091796875
939600,293.75732421875
992051,279.6231689453125
657109,501.9663391113281
1186612,20.893787384033203
920784,79.80595397949219
899287,295.968994140625
1080107,53.16257095336914
278940,637.33892822265625
1140574,172.18666076660156
1205239,22.93067169189453
525097,267.2693176269531
742296,144.48614501953125
942976,938.7164306640625
1095741,111.69715118408203
729388,2328.5615234375
1032846,300.1122131347656
910073,72.1773452758789
1076721,27.177770614624023
54597,760.1181640625
1173115,110.29955291748047
509848,2773.089111328125
611893,1204.6468505859375
700663,1082.3504638671875
984648,120.2272720336914
413814,533.0574951171875
878052,63.23299789428711
2381,11229.083984375
31408,3243.14599609375
948677,159.9299774169922
634373,178.11260986328125
1043608,59.04697799682617
768738,118.22501373291016
661308,7369.89697265625
311,258488.484375
58,59230.22265625
919652,438.4334716796875
916221,348.63128662109375
544536,636.63397216796875
635391,1346.1907958984375
676665,268.4214782714844
1163056,33.63249206542969
409237,494.6480407714844
10000,11627.3291015625
95865,1344.438232421875
670030,885.8935546875
995638,251.76611328125
671399,208.6219482421875
596396,3624.92578125
838228,98.07093048095703
1110216,53.832122802734375
923139,51.3666877746582
783581,104.460693359375
783577,118.79898834228516
58811,58.02987289428711
995639,205.888916015625
856147,1445.101318359375
795618,257.23907470703125
935914,66562.7109375
1881,5342.4716796875
1203832,364.88385009765625
1132532,39.76869201660156
838284,137.27171325683594
484252,425.81304931640625
657267,374.3913269042969
1304,2895.38623046875
454670,3095.87109375
861645,75.15089416503906
142310,647.11383056640625
649797,246.7032928466797
1653,23901.271484375
947578,188.96302795410156
62960,7087.93896484375
245758,265.7954406738281
116391,5516.81396484375
1118474,483.9679870605469
31465,644.70166015625
459568,4081.163818359375
594536,428.2481689453125
635943,8508.8291015625
405072,364.06231689453125
1188896,11.292292594909668
868375,60.86558151245117
560964,353.6361389160156
617063,200.0500946044922
783790,109.91040802001953
1151913,83.534210205078125
445580,583.0479736328125
441608,628.60845947265625
55756,620.071533203125
1167536,13.261743545532227
173124,11121.0615234375
687493,529.692626953125
3330,7949.89599609375
585270,297.33770751953125
269520,819.07891845703125
1163249,41.774932861328125
187466,28169.564453125
12962,4900.208984375
860828,169.96546936035156
1167276,25.158369064331055
12927,3393.28515625
1012366,322.0039367675781
563388,434.7913513183594
118865,265.6435241699219
677111,368.4530029296875
3955,53.89937973022461
879657,519.701416015625
2050,34059.1484375
969946,89.20880126953125
2098,792.622314453125
1055099,93.67801666259766
621252,333.89874267578125
292,7875.9423828125
864452,402.3228454589844
788,7522.66943359375
1159749,288.1492004394531
312087,505.2743225097656
1149718,34.590797424316406
540238,475.43756103515625
625154,193.40985107421875
629509,212.52523803710938
677408,527.7020263671875
25830,1755.5938720703125
807533,148.24603271484375
301020,1282.5692138671875
414929,1340.9041748046875
75262,1150.7823486328125
1148331,2619.604248046875
841995,778.88629150390625
958868,981.84307861328125
41335,415.01239013671875
964536,304.0386962890625
806524,1442.0670166015625
722688,257.7510681152344
965053,280.63714599609375
1361,30577.71484375
434472,309.8619689941406
980,8217.818359375
41172,3307.937744140625
965698,131.58555603027344
1015574,132.54306030273438
82591,2412.09033203125
44289,1429.512939453125
44722,788.31072998046875
88550,557.0888671875
158778,1110.7218017578125
168981,618.9693603515625
35503,1199.7769775390625
31461,2441.3740234375
1162915,25.125778198242188
657629,146.6896209716797
589453,357.384521484375
422339,1424.1571044921875
989445,939.7276611328125
410776,196.72230529785156
603215,232.78208923339844
220,12537.6328125
168949,3273.717041015625
1425,1619.3568115234375
54705,6994.8076171875
34083,4311.77685546875
3147,9333.203125
570881,688.7108154296875
1172392,20.44629669189453
550245,253.1324005126953
1010016,142.7397918701172
980894,146.09140014648438
598677,377.90118408203125
877488,373.630859375
1008116,84.22181701660156
2123,5054.5625
771320,234.0416717529297
59119,22.421607971191406
2249,779.3721923828125
31366,1950.29150390625
826704,374.16217041015625
379107,435.1059875488281
860618,254.30072021484375
230286,362.4066467285156
31231,3489.839111328125
831684,192.7382354736328
822182,2753.111328125
388321,888.47406005859375
929120,35.1312255859375
368066,491.8346252441406
102034,36669.9609375
984894,87.5611801147461
162158,562.4383544921875
840484,802.482666015625
844747,139.000732421875
1027553,32.68190002441406
7369,1028.067626953125
795811,891.9642333984375
22661,2483.387939453125
1138802,16.44172477722168
3634,3426.83984375
847260,207.79293823242188
1063263,40.02732467651367
1117927,36.70656204223633
456509,1449.7047119140625
14728,3212.96435546875
1123890,67.810546875
38130,2253.453369140625
474815,204.26486206054688
847746,205.4506378173828
866,2436.155029296875
66014,1156.846923828125
33967,4978.990234375
1334,1107.7091064453125
312081,477.19573974609375
553276,903.65484619140625
569763,9922.634765625
391322,375.9921569824219
583476,238.92906188964844
356552,477.2107849121094
39285,727.9017333984375
1069025,27.804170608520508
901717,305.090576171875
870483,1450.9420166015625
439052,2586.68359375
897337,292.0805358886719
46571,409.1278076171875
49814,1208.8052978515625
222487,66012.2890625
621411,175.98793029785156
33895,4504.8525390625
839100,596.40570068359375
49832,1496.767822265625
971089,708.11016845703125
739749,217.7613983154297
14293,1249.4417724609375
169747,237.1209259033203
756786,202.71141052246094
972382,392.2706298828125
798209,224.10850524902344
198852,290.3971252441406
465,24091.90234375
1049257,244.60992431640625
950540,42.60353088378906
742716,134.08395385742188
838975,140.9969940185547
26957,540.06829833984375
917854,94.974273681640625
1190924,20.44222640991211
629996,231.7328643798828
668798,551.22064208984375
681741,641.6063232421875
739471,242.0229949951172
616287,332.92987060546875
159866,548.54461669921875
720497,4695.72900390625
30955,907.7117919921875
52310,1622.306884765625
857047,223.9029998779297
763499,136.4361572265625
885649,197.62094116210938
1008099,78.6857681274414
911049,227.4053192138672
789599,158.60354614257812
1624,7249.08740234375
1053211,395.031982421875
454536,2347.370849609375
128384,12519.1015625
1164279,37.33509063720703
12799,27103.5859375
46998,785.35833740234375
34683,24413.7421875
689044,143.20932006835938
503785,556.37396240234375
440921,2036.491455078125
885,1496.3560791015625
827789,683.4298095703125
177394,1702.3939208984375
934736,123.22125244140625
29462,3175.274658203125
585838,783.1217041015625
615057,566.1627197265625
1037341,197.5531005859375
1004,1795.4251708984375
693532,121.25102996826172
102464,539.44647216796875
601995,198.74644470214844
156095,674.4547119140625
34510,593.7969970703125
985314,86.7628173828125
829272,264.7288818359375
1176996,25.259113311767578
428696,174.81207275390625
811314,125.23065185546875
1181054,29.421377182006836
11167,260945.015625
58702,55.462547302246094
618995,190.2777099609375
1043606,117.44696807861328
497144,531.114501953125
811880,229.5042724609375
566790,1171.7265625
463373,1590.6920166015625
35652,2652.603759765625
701043,162.31695556640625
413308,4392.962890625
54603,928.53155517578125
572545,1889.0133056640625
592396,1338.7255859375
1191180,40.91044998168945
389461,566.43194580078125
1099041,30.1727237701416
900034,52.16613006591797
1175232,67.12357330322266
860882,181.6802978515625
29824,1125.419189453125
105881,1192.6982421875
1068233,64.85044860839844
984172,152.98606872558594
834501,2870.188232421875
76926,1911.3988037109375
502051,185.18873596191406
56780,403.0625
954777,88.16368103027344
538314,1410.6236572265625
844247,2391.26025390625
1136620,102.28912353515625
365281,251.33921813964844
1007441,95.4591293334961
80201,822.63885498046875
608372,377.3917541503906
447096,1534.7364501953125
1221604,12.31126594543457
52432,1979.6632080078125
476871,282.6874694824219
41766,6008.55859375
866622,63.121742248535156
466173,358.57977294921875
765172,172.01112365722656
271288,858.66162109375
714283,157.36582946777344
396744,2925.166748046875
506552,231.13792419433594
1002,1997.5736083984375
424154,457.4656982421875
130081,143013.203125
33985,1362.0599365234375
821531,3030.642822265625
608662,225.49667358398438
975190,237.93243408203125
658092,139.87306213378906
834656,3404.818603515625
1053596,39.566226959228516
31244,6426.4833984375
1536,962.183349609375
707997,1802.9569091796875
617123,1116.735595703125
485170,407.40997314453125
1219947,12.845735549926758
872906,119.42694091796875
617116,990.24090576171875
967440,118.76942443847656
401777,826.16064453125
199750,409.1529846191406
610019,709.2391357421875
68935,958.82843017578125
56631,4419.06494140625
41723,2628.008056640625
968663,96.603302001953125
772181,870.31988525390625
759900,388.8643798828125
597996,155.5544891357422
192896,4832.3515625
829978,162.513671875
286394,2293.441162109375
618189,991.8330078125
78953,26931.13671875
210633,2117.862548828125
410923,522.2100830078125
775836,1643.7242431640625
644010,337.6354064941406
787917,339.294189453125
783619,126.54917907714844
1189,206774.015625
218477,4173.44189453125
1074555,71.1433334350586
157473,285.87652587890625
578412,1423.5643310546875
234678,432.5906066894531
1135584,14.513564109802246
413027,1759.685546875
875981,303.9947814941406
856506,256.9261169433594
781834,797.9127197265625
65855,4228.294921875
846716,539.30706787109375
2782,3757.604248046875
966713,322.74932861328125
703624,361.6931457519531
228477,748.84869384765625
679952,349.9265441894531
230712,1352.3363037109375
1140661,118.39176940917969
363573,292.9183654785156
988251,125.19751739501953
288758,1096.0863037109375
804794,287.027587890625
8393,13002.94140625
7596,5064.888671875
614407,1855.6414794921875
785091,162.82565307617188
231742,940.80682373046875
590128,1229.4288330078125
303083,634.40692138671875
2072,868.48541259765625
547394,818.088623046875
541677,325.3988952636719
896218,51.438087463378906
946906,578.61712646484375
124897,7111.4677734375
845783,94.4843978881836
545567,11373.3740234375
1211761,21.634342193603516
621087,520.9447021484375
1070842,493.4317321777344
698,28470.974609375
826912,150.62265014648438
33906,1684.0164794921875
2520,56932.09375
579075,2876.933837890625
547293,969.5032958984375
388733,172.50091552734375
178608,9825.2685546875
866537,113.35338592529297
816723,400.3222961425781
12083,1581.539794921875
760123,101.58916473388672
586148,431.7607421875
40540,2009.4840087890625
838236,98.07093048095703
886345,70.59217834472656
583344,6446.076171875
284676,547.388671875
31401,1671.6580810546875
514863,1082.466064453125
15652,38739.9140625
836136,112.70947265625
953985,602.8768310546875
806,2699.2666015625
49837,1447.869873046875
364802,307.8889465332031
783492,123.30512237548828
95498,2243.00634765625
13933,1777.14990234375
463537,187.0124969482422
56581,1353.2265625
370606,211.72474670410156
1380,5694.75439453125
992428,104.5094223022461
95177,347.1739196777344
797113,220.3515167236328
49848,2776.8271484375
510673,1144.9940185546875
503816,433.37371826171875
835343,89.539886474609375
746123,237.04541015625
894059,7501.814453125
2807,13797.830078125
132078,648.4169921875
590842,241.86679077148438
6653,5298.93994140625
345,52159.14453125
1219288,18.795385360717773
444873,225.5647430419922
878419,230.04344177246094
18352,802.71343994140625
424272,731.07098388671875
1169057,30.874502182006836
986831,163.84725952148438
1089,1144.20751953125
59510,27.254390716552734
1107002,56.6767463684082
891072,58.45885467529297
611842,184.26771545410156
1191427,12.215001106262207
584250,1829.8087158203125
389591,1517.052978515625
1162762,266.2839660644531
34700,573.4073486328125
1202632,14.34603214263916
592977,239.53355407714844
28418,2656.45556640625
270,39271.328125
26768,748.35284423828125
1080094,244.3050994873047
1106617,387.5110778808594
49047,935.95465087890625
402927,823.4378662109375
505657,263.4351501464844
871883,60.88947296142578
961353,125.59735870361328
791496,1556.83544921875
1067902,70.04817199707031
576165,1586.602783203125
1027824,26.590818405151367
924774,798.96160888671875
9669,3018.669189453125
31392,2639.250244140625
325526,256.937255859375
986699,149.86080932617188
661346,247.55184936523438
578813,207.65219116210938
1060993,98.45763397216797
1129703,74.2199935913086
425324,124549.09375
543087,364.4989929199219
592363,293.5088195800781
190436,521.38153076171875
553952,541.49169921875
901527,155.804443359375
13479,17840.892578125
50539,32354.244140625
1156356,45.44556427001953
417972,153.0948028564453
98279,1189.3758544921875
1077765,34.10224914550781
558703,1346.3814697265625
996246,118.09468841552734
1110258,109.83255004882812
33917,3805.147705078125
966361,200.27456665039062
1181647,35.530174255371094
425684,274.2550354003906
1055443,110.27599334716797
930192,37.24848937988281
392130,1131.31298828125
879872,774.34393310546875
783093,155.30880737304688
891476,312.97186279296875
13167,2566.411865234375
62603,704.56121826171875
1073462,90.56101989746094
602639,182.5357208251953
388571,456.3308410644531
982547,81.205047607421875
558811,675.49365234375
586847,602.02130126953125
389242,142.93682861328125
145545,4810.79052734375
973330,33.988807678222656
33978,1736.140380859375
1209092,45.19828796386719
711,11355.6640625
567121,1487.3345947265625
1200877,88.29902648925781
179831,1850.1494140625
120571,352.3357238769531
802501,131.8519287109375
58673,56.74870681762695
1206027,43.07160186767578
863490,71.17200469970703
636908,779.918701171875
972623,164.35321044921875
951241,84.52117919921875
6502,714.35064697265625
735529,443.82098388671875
411830,1428.920654296875
104,53764.4296875
632629,265.281494140625
783490,144.3563995361328
736111,130.39437866210938
258355,229.5940399169922
2478,146100.75
11307,6684.39111328125
871327,2609.826904296875
2490,14609.7744140625
272783,653.29852294921875
559632,236.18441772460938
930637,58.048828125
728526,510.22332763671875
38633,689.93426513671875
445,9712.5146484375
152921,332.9764099121094
889040,99.50053405761719
9425,12675.5546875
26469,1101.770263671875
123676,1229.7384033203125
871081,60.88947296142578
1135591,18.234251022338867
225284,245.86068725585938
876734,1635.465087890625
1407,2356.081787109375
1168995,30.370346069335938
907961,154.13824462890625
93138,1242.404052734375
18061,3350.574462890625
201435,1680.9493408203125
788483,677.46038818359375
264247,450.3097839355469
644830,218.57138061523438
757902,216.0995330810547
3079,10856.91796875
1181805,123.8017807006836
481487,361.32666015625
121670,565.0111083984375
713966,126.5887680053711
412163,1959.7255859375
26764,864.44757080078125
723243,189.73336791992188
1202130,40.19065475463867
470244,10386.353515625
194252,392.4760437011719
13421,11833.28515625
899418,56.15668869018555
575706,288.4851989746094
63903,7727.74853515625
1343,1793.47607421875
521303,1233.4111328125
573857,235.07232666015625
899261,724.60009765625
600455,203.69808959960938
509616,2587.95068359375
1971,12206.318359375
199247,1331.8782958984375
783814,108.90515899658203
1706,17728.78125
823017,348.5355529785156
928894,280.0203857421875
1091779,32.29514694213867
23301,1325.2353515625
161634,6829.6591796875
1041694,215.71572875976562
17825,11268.29296875
972222,100.06693267822266
1096312,160.1506805419922
838229,98.07093048095703
70364,626.9859619140625
11827,200440.546875
3148,965.31103515625
802817,1304.1571044921875
75368,38062.6015625
1010231,113.1064224243164
891510,60.4454231262207
682483,1362.3359375
312020,458.3458557128906
791297,2043.015869140625
19133,1239.709716796875
41808,2810.748046875
639329,448.744384765625
86329,7938.42578125
944487,106.16218566894531
577223,325.34381103515625
1138072,980.30487060546875
846207,208.41969299316406
713536,236.63172912597656
827990,191.55905151367188
91277,527.15631103515625
22912,10934.2666015625
609886,175.54891967773438
439148,374.0638732910156
1222181,13.072011947631836
92400,398.86981201171875
415761,6564.869140625
411455,282.3470458984375
925610,685.3209228515625
911305,324.7900085449219
755231,651.5091552734375
582088,4650.623046875
387,26611.947265625
547417,617.4344482421875
509,5308.11474609375
903674,298.0884094238281
647975,263.57073974609375
275219,2497.525634765625
274208,5587.623046875
815,114426.0546875
859801,132.7414093017578
1219979,11.013843536376953
7444,4267.09814453125
1106609,80.09840393066406
10562,2906.538330078125
490623,1100.184814453125
16876,4796.68505859375
7606,4244.5078125
559735,582.13427734375
673508,236.90957641601562
820200,6660.5859375
116054,9799.703125
868359,72.84131622314453
948814,63.34260177612305
30321,4704.447265625
786381,328.2421875
1027273,31.63426971435547
783805,124.82067108154297
380130,233.9495086669922
176707,794.0443115234375
18891,2089.767822265625
735516,497.62841796875
507962,32756.767578125
886360,72.98470306396484
886825,143.03665161132812
1086531,122.35798645019531
732343,163.96629333496094
620869,250.14108276367188
587274,393.41571044921875
653195,252.4774627685547
874697,238.86277770996094
250066,248.73129272460938
568026,10586.8037109375
1095097,44.69453430175781
975995,128.4547882080078
872565,505.2634582519531
59245,567.8887939453125
382769,652.5323486328125
822732,622.20196533203125
447516,5653.14306640625
229578,1531.4197998046875
1101376,45.61616516113281
468404,1043.5938720703125
1119621,740.60125732421875
778129,327.1714782714844
77652,468.19451904296875
970209,184.49093627929688
20273,544.51959228515625
133853,11295.212890625
1018259,1228.9383544921875
23938,1687.8221435546875
1070211,63.88483810424805
714020,248.8709259033203
58753,15.532427787780762
2806,3992.125
1156255,50.95636749267578
877297,1228.49658203125
943820,120.93472290039062
24806,1712.739501953125
1077665,795.82586669921875
41827,1525.2615966796875
971997,82.99088287353516
162204,970.51300048828125
821299,83.59107208251953
538065,461.0936584472656
695648,225.79029846191406
354058,414.4185485839844
468411,401.7059631347656
925036,138.85174560546875
49811,1468.5101318359375
20293,626.58367919921875
475480,571.97637939453125
663965,201.17369079589844
783503,131.35874938964844
833672,191.42335510253906
1167832,581.660888671875
110831,485.10589599609375
314562,1342.6885986328125
1487,49855.87890625
232870,2766.5302734375
1098844,56.441627502441406
162155,537.66119384765625
35498,6316.53466796875
730033,248.18690490722656
563902,3044.3330078125
965785,153.51748657226562
897575,58.9908332824707
792115,1974.5242919921875
56,21459.5
124738,8840.1748046875
924402,101.60796356201172
1269,5928.9140625
76707,7143.48291015625
1150,54377.95703125
1046407,85.88970184326172
595706,216.9921875
1054729,136.61265563964844
34038,1768.619140625
1104537,420.173828125
693609,2142.546142578125
952888,150.54208374023438
810777,168.16836547851562
878064,63.23299789428711
600209,220.44410705566406
783601,124.46436309814453
826209,83.082183837890625
735344,161.5659942626953
1318,1963.7862548828125
837337,164.052001953125
967986,271.27813720703125
1036314,27.823659896850586
373567,6772.91796875
680510,1064.629638671875
1173228,41.02633285522461
923196,58.395164489746094
650658,177.09017944335938
35442,2135.239501953125
359792,1579.3399658203125
883750,1405.527587890625
449445,1999.60546875
1081718,620.55487060546875
720744,265.13592529296875
1046414,122.71546173095703
1003554,128.3721160888672
682876,169.2167205810547
630723,161.86859130859375
123528,386.26434326171875
1147151,93.977020263671875
515261,2147.2099609375
865384,126.27208709716797
788438,1530.7144775390625
763818,215.45091247558594
634391,345.396728515625
940603,550.189697265625
1119456,54.471431732177734
692827,168.50051879882812
36703,1727.133544921875
18130,1499.540283203125
1060004,29.030670166015625
866404,243.79270935058594
1527,5605.83447265625
75539,1423.0362548828125
783786,109.91040802001953
783722,109.91040802001953
2749,44828.5234375
836669,850.498291015625
32155,2013.9791259765625
42075,11471.521484375
1013508,42.445106506347656
158715,432.4072570800781
755669,276.9024658203125
1100135,699.4473876953125
723962,346.6333312988281
677035,183.20384216308594
903239,99.47562408447266
4446,629.352294921875
782969,103.61802673339844
493828,2311.08056640625
894943,749.69189453125
877929,240.8220672607422
7693,4245.08251953125
868771,262.275390625
1009498,98.12701416015625
1151934,18.240619659423828
566408,176.96820068359375
522037,8357.330078125
381459,335.4059143066406
364333,247.48928833007812
955558,171.03465270996094
58951,1916.52880859375
605663,237.2873077392578
422189,309.59271240234375
1072909,72.9200668334961
1197352,53.27936935424805
1070531,33.503536224365234
1002488,139.2281951904297
1051499,102.14714050292969
31460,1501.3389892578125
75613,343.9892883300781
1207885,50.07240295410156
549966,120092.0078125
358358,615.051025390625
31411,1696.903076171875
608539,421.1918640136719
1002646,144.7305145263672
19370,2310.484619140625
39467,12149.15625
142081,267.7677001953125
56608,4291.18798828125
2773,2767.149169921875
693859,329.74017333984375
859797,175.253173828125
1091255,42.415061950683594
272765,609.7593994140625
1176975,26.505874633789062
397402,392.34320068359375
770834,106.72187042236328
874779,721.62823486328125
934209,17072.70703125
916923,76.284393310546875
799198,245.39569091796875
820718,2244.407958984375
110216,1735.0081787109375
501015,18490.65625
41108,1568.2626953125
1116526,46.94572448730469
949400,497.7634582519531
778641,222.38983154296875
16397,1154.537353515625
2596,2806.007568359375
783656,129.04249572753906
893191,135.85948181152344
501967,204.59307861328125
54272,59.95215606689453
595563,877.08441162109375
4123,55173.796875
985762,90.576263427734375
822159,739.03533935546875
158865,840.9886474609375
101374,24415.302734375
1134229,18.800256729125977
1207278,38.17276382446289
818527,201.70497131347656
639848,322.8700256347656
260283,484.32257080078125
22307,33823.34375
6,35020.1640625
230041,522.55633544921875
101287,408.6286926269531
33987,1297.1278076171875
545200,318.5196838378906
680898,799.593505859375
354507,738.35162353515625
1120722,330.4544677734375
7016,1674.3759765625
117908,546.59027099609375
613896,450.1358947753906
950789,948.57684326171875
836746,138.05654907226562
18428,4682.41650390625
872819,210.54310607910156
1112990,49.23158645629883
1077990,74.623016357421875
1041148,33.41144561767578
970136,111.3790512084961
909680,158.601806640625
517735,571.898681640625
27069,37178.40234375
1121538,88.5173568725586
92726,2073.87890625
830705,176.46640014648438
31233,1414.3482666015625
1001006,264.26727294921875
2337,4040.6240234375
1045673,90.860687255859375
589779,264.7001037597656
1186840,1378.3743896484375
1107,23248.880859375
246421,2527.184814453125
700486,170.4923553466797
943103,403.1107482910156
587215,170.28306579589844
758820,224.3733673095703
225339,298.4637451171875
640708,1114.3829345703125
1039969,30.753026962280273
34405,633.83819580078125
843586,346.4988098144531
1072569,2215.725830078125
638974,1693.370849609375
817870,30886.564453125
45669,7759.06689453125
52055,5165.2919921875
37832,11702.4521484375
1021943,625.3858642578125
836206,2108.33349609375
41526,1881.7384033203125
1062213,191.73495483398438
11857,1333.997314453125
665734,361.9308776855469
28303,3387.83984375
1192200,105.37078857421875
754622,367.75775146484375
1087701,172.35513305664062
537581,336.2302551269531
883522,166.5738067626953
422098,419.9230651855469
67316,2391.455322265625
541076,177.81228637695312
1004057,45.76083755493164
1073378,501.3004150390625
14971,2203.330322265625
63261,1913.2508544921875
684785,298.91510009765625
144689,1126.0966796875
501755,394.9745178222656
980366,226.45211791992188
783531,104.460693359375
1086156,34.487449645996094
439005,2382.279541015625
299726,241.5469512939453
455772,1376.3653564453125
87853,342.6563720703125
823210,123.97894287109375
723100,7320.4912109375
778395,1528.672119140625
363,16107.654296875
940997,187.9972381591797
666649,173.87449645996094
585876,1609.9866943359375
642208,357.1094055175781
312048,565.3016357421875
658,6786.521484375
31350,468.8504333496094
162232,550.911376953125
526471,252.26254272460938
110215,13393.2646484375
534212,2602.267822265625
58748,59.1572265625
1048608,310.5747985839844
816179,2032.5992431640625
742192,289.4822998046875
590180,9340.49609375
218411,1224.905029296875
838400,926.797119140625
842820,245.3536834716797
913603,8685.765625
13897,14934.0576171875
783760,150.71165466308594
877495,213.34483337402344
4759,3530.669677734375
660487,137.97586059570312
865882,814.6431884765625
458119,337.9251708984375
465826,523.997314453125
113245,1501.82666015625
860824,148.53883361816406
1222788,2.8075554370880127
427369,554.32196044921875
970445,161.55075073242188
24263,475.1010437011719
753001,124.97557830810547
466717,858.33245849609375
19477,2034.029296875
3836,1600.0992431640625
828990,302.025146484375
518384,172.3555450439453
922716,134.30361938476562
752839,95.91576385498047
1103891,587.93280029296875
936572,331.29034423828125
58955,15.660379409790039
569667,148.4901123046875
564652,1298.7369384765625
716871,824.6319580078125
783292,134.048095703125
590113,4406.54931640625
653007,2837.678955078125
81972,4074.3505859375
490795,1011.9006958007812
133420,457.4002685546875
863035,600.197509765625
359551,224.14047241210938
751007,138.98231506347656
401633,458.2931823730469
696848,630.4798583984375
11080,814.905029296875
22588,14401.85546875
638592,160.60546875
312017,523.20208740234375
952827,5116.900390625
674071,2754.7421875
839239,510.48736572265625
1131768,1927.217041015625
317138,1644.3583984375
838,18151.76953125
897230,141.82672119140625
791915,121.67417907714844
905672,162.03895568847656
699001,406.42388916015625
822924,684.13604736328125
859791,180.1331024169922
682700,1814.9864501953125
676547,169.87350463867188
228575,526.6884765625
271178,2337.657470703125
793168,1525.976806640625
314426,654.2022705078125
936325,142.62059020996094
679599,164.47882080078125
1126529,60.27937316894531
508,13360.109375
442741,599.97833251953125
783689,129.04249572753906
442882,229.2581787109375
803828,288.2966613769531
1195067,35.731380462646484
22526,68700.53125
1141654,76.23417663574219
771009,232.66990661621094
1166258,42.892032623291016
269116,8508.8447265625
946224,908.689208984375
36565,1453.4293212890625
783122,104.460693359375
20001,580.00408935546875
24366,515.05377197265625
1117,14182.7275390625
72233,590.44305419921875
394036,285.1838073730469
1569,12364.9931640625
2468,3763.604248046875
1082594,24.54117202758789
1125049,59.6194953918457
1090726,332.8852844238281
736450,136.99563598632812
8186,3586.8818359375
932622,361.61761474609375
741790,496.4339294433594
28423,807.3909912109375
945387,231.53448486328125
462883,2152.771728515625
1045606,117.40071868896484
863812,268.80853271484375
527436,3939.23876953125
223419,225.54495239257812
723361,193.1604461669922
149760,4415.73291015625
517480,266.4610290527344
605259,229.95999145507812
786,9336.8984375
23488,566.0439453125
783203,124.46210479736328
371066,427.5057067871094
1168337,673.9949951171875
316250,981.8519287109375
188628,1057.684326171875
820781,150.4210968017578
202526,3182.14111328125
392604,455.0281982421875
373809,3529.464599609375
146073,856.57720947265625
312008,523.20208740234375
833230,158.5501708984375
143941,365.6793212890625
244584,145.19703674316406
863468,1280.85302734375
496209,675.768798828125
34088,1454.422119140625
679324,786.17816162109375
884731,51.438690185546875
1206511,18.364229202270508
425228,975.213623046875
922275,70.2940673828125
746878,448.0907287597656
1110215,25.683271408081055
864229,94.76383209228516
30756,1670.3106689453125
755946,7112.49169921875
63919,855.6158447265625
1114104,322.981201171875
636071,283.39752197265625
803869,217.18658447265625
30106,6239.9091796875
1201695,52.57429504394531
1143395,41.360103607177734
223836,229.42527770996094
886351,71.25431823730469
203790,828.19195556640625
818784,299.0386962890625
51719,2178.1083984375
692883,438.9068298339844
1155696,15.879537582397461
92255,254.82498168945312
1150837,159.973388671875
93032,344.87847900390625
563326,680.3658447265625
637846,361.6207275390625
583336,231.01870727539062
682797,168.23390197753906
925704,1316.357666015625
37691,31520.748046875
515427,376.8941650390625
427,4259.27978515625
11388,2596.951171875
1172856,32.66943359375
166904,24338.5859375
890121,268.566650390625
965418,65.09163665771484
796972,384.1450500488281
940674,27431.3125
1175444,812.60211181640625
1022973,45.25859832763672
168969,398.087158203125
828086,123.93840026855469
1116015,37.286102294921875
916012,451.6512451171875
1208277,10.807323455810547
889829,75.95825958251953
124448,888.07379150390625
3398,13912.13671875
637399,794.625
494714,472.16143798828125
20873,2024.7608642578125
211003,628.6297607421875
817853,259.1029968261719
871908,60.88947296142578
805334,886.14910888671875
632717,155.88217163085938
174999,6926.5869140625
753802,2178.39306640625
852719,203.33010864257812
1159802,81.16575622558594
710,2847.606689453125
739286,164.27117919921875
1281,1420.2081298828125
929786,126.87073516845703
255093,19874.314453125
1214025,73.61199951171875
470506,549.91455078125
827306,82.70569610595703
1087468,53.42305374145508
1167376,19.761005401611328
801300,113.79171752929688
814967,142.42514038085938
973364,34.32667541503906
1168,27998.58203125
878626,64.00457763671875
671001,203.7206268310547
225272,240.9638214111328
206361,3774.059814453125
913593,129.58641052246094
506524,2139.5966796875
859840,638.4141845703125
620520,225.03564453125
823099,102.0607681274414
36574,2182.423828125
440842,673.1268310546875
788423,552.33306884765625
152491,3564.107666015625
16721,27058.775390625
677678,261.9920349121094
676822,440.7494812011719
1159842,57.29052734375
888112,1747.941650390625
866925,1255.4317626953125
1032090,287.52923583984375
1132821,383.0704040527344
6722,635.86456298828125
814609,399.75311279296875
58226,22.351316452026367
62527,1209.63330078125
682231,10893.17578125
954001,179.31468200683594
95507,364.6149597167969
733,1906.470703125
847495,100.67139434814453
72594,1775.4093017578125
751411,340.88653564453125
696356,200.2252960205078
1050362,33.088375091552734
36505,4726.04541015625
773597,2389.109619140625
6993,2053.10400390625
891809,76.78868865966797
837793,2364.645751953125
1072266,172.72792053222656
830761,844.6224365234375
594870,308.789794921875
97589,664.76556396484375
720480,666.5052490234375
25336,1583.474609375
980643,130.24392700195312
756214,4506.81640625
1057522,57.87214279174805
531338,296.736328125
977311,58.61569595336914
1004280,3499.55419921875
605543,1242.4324951171875
861606,283.0323486328125
82911,5499.97705078125
1006298,98.9600830078125
663725,182.8637237548828
466041,266.3245849609375
737804,318.3235168457031
696008,150.49127197265625
414522,20755.470703125
820,7240.02294921875
1075326,1354.117919921875
594373,217.2919464111328
19136,45539.8125
1122734,56.95454406738281
612,15139.751953125
892552,152.96266174316406
1182986,126.05081939697266
813843,455.3744201660156
831460,123.6956787109375
312042,600.11077880859375
694560,74672.359375
5897,1802.5606689453125
944034,134.22955322265625
467000,5769.1015625
857833,172.13543701171875
20820,8397.3642578125
1132744,85.07080078125
566027,8085.5224609375
942410,773.04278564453125
17517,2788.0849609375
8250,732.57080078125
783679,288.8542175292969
725737,140.5937042236328
1204700,11.978442192077637
894461,249.83544921875
349357,1141.6651611328125
1111101,12426.2392578125
811937,99.744842529296875
24838,783.72125244140625
770735,98.2757797241211
817928,319.39801025390625
803666,323.24957275390625
341581,9763.8525390625
473781,587.9569091796875
582693,200.0312957763672
729820,5883.34130859375
1097692,22.50157356262207
1023753,85.196197509765625
1187533,160.47227478027344
351440,512.9354248046875
708,6798.34375
253350,247.4103546142578
767822,242.3447265625
750579,609.419921875
1120894,29.86119270324707
827021,90.13279724121094
687187,6792.50439453125
740328,149.07803344726562
1177033,36.09967803955078
196294,11017.955078125
612374,1764.97802734375
1147720,24.473114013671875
917804,54.00412368774414
868338,228.84597778320312
652083,1142.7926025390625
16418,2709.577880859375
1005815,70.35399627685547
875178,538.86932373046875
448279,340.5896911621094
594179,194.2751922607422
577605,264.75604248046875
162175,492.72027587890625
699328,288.4164123535156
891443,131.4428253173828
534644,808.3232421875
221671,419.8878173828125
32038,22849.96875
565954,273.08306884765625
610601,199.45762634277344
34117,614.33056640625
501876,396.9010314941406
1169596,63.5156364440918
10559,1783.5286865234375
928054,767.51788330078125
776060,519.84765625
751726,517.25677490234375
1416,1758.8406982421875
29742,8468.861328125
901888,70.08869934082031
928342,256.238525390625
1103183,293.9414367675781
697952,154.8634033203125
699345,238.88429260253906
297292,2864.306640625
516291,639.705322265625
575365,162.98434448242188
240284,1599.7308349609375
995156,1068.0938720703125
505790,436.360107421875
564100,51573.20703125
714928,1376.21435546875
43169,13629.513671875
691579,144.273681640625
725840,125.32880401611328
36554,1343.040771484375
434238,1194562.875
580134,266.8401794433594
626057,241.60546875
663181,395.6112365722656
677088,1170.1866455078125
762343,170.26568603515625
581672,216.6669158935547
1120781,131.40127563476562
464055,191.18946838378906
312009,523.78173828125
850822,2871.039794921875
913886,50.44413375854492
326,9058.21484375
49849,1474.1044921875
1075972,33.45807647705078
29671,4513.978515625
101174,2351.802978515625
525627,729.357177734375
33907,2019.1658935546875
158514,2317.4833984375
821028,238.61346435546875
1126372,132.37693786621094
56003,3001.840576171875
729660,4262.4736328125
8297,1081.8092041015625
1057242,354.34759521484375
1208162,67.879547119140625
1105452,129.50790405273438
1191487,20.15188980102539
1899,2692.6884765625
229497,10882.2001953125
591092,1266.100830078125
469725,868.822998046875
922387,271.9857177734375
2092,1592.4632568359375
667421,455.4319763183594
599589,376.3537902832031
525023,1727.488525390625
44293,1400.337646484375
1202982,57.43327713012695
199808,273.4898986816406
840469,727.27484130859375
201247,2413.2431640625
43173,737.663330078125
959877,53.32035446166992
846068,116.69001770019531
24390,1916.265625
8051,612.173095703125
1955,11802.3486328125
825851,43744.78515625
769463,1775.96728515625
148512,642.6746826171875
159,16730.361328125
739520,326.7369689941406
34107,1773.624755859375
935942,349.16217041015625
3684,2472.252197265625
16008,620.260498046875
1149551,16.024681091308594
1186313,174.9591827392578
10798,797.06695556640625
1117596,22.02479362487793
858007,152.7023468017578
808085,240.98370361328125
581332,489.3740539550781
5485,1060.499267578125
162166,628.977294921875
455335,513.008056640625
670889,953.048095703125
679629,271.51702880859375
542661,499.7955322265625
35613,3150.14990234375
847621,206.78997802734375
514034,577.463623046875
423966,660.31109619140625
700972,257.5296936035156
788120,123.86631774902344
312031,714.6368408203125
63420,3827.195068359375
29784,771.1728515625
805094,252.890869140625
888787,106.0811767578125
2215,6503.06787109375
471513,237.3270263671875
902561,68.0169906616211
1009918,545.39111328125
901707,96.2605972290039
672423,526.34295654296875
46436,4204.92333984375
30354,1736.3306884765625
1121606,211.17453002929688
983044,71.44974517822266
1187455,20.234495162963867
12528,22380.97265625
783163,118.79898834228516
706233,142.15963745117188
1650,1093.4996337890625
116502,335.7124938964844
1326,659.22259521484375
624724,377.8966979980469
1013221,211.72142028808594
915576,56.4183235168457
319134,1374.6488037109375
786908,190.21484375
824284,210.2559814453125
104115,26919.1953125
760187,113.89708709716797
996432,571.68682861328125
341364,335.50762939453125
552147,2697.196533203125
41709,906.74664306640625
1040895,541.37786865234375
26005,882.82904052734375
780275,168.3640594482422
453111,1262.007568359375
1185490,35.1512336730957
55235,617.4029541015625
701,35298.8359375
386616,1137.6768798828125
813556,163.62295532226562
57956,1259.1080322265625
765573,346.52294921875
493297,453.1636657714844
561256,77830.15625
997626,78.39585876464844
1554,4231.71142578125
12678,1751.1993408203125
1086320,23.237218856811523
617529,250.53549194335938
783674,124.82067108154297
497001,1742.086181640625
1091507,63.49722671508789
875484,142.78587341308594
1126449,96.59809875488281
68253,4371.365234375
1141694,126.49053955078125
33820,675.692138671875
481054,1992.2998046875
512774,702.55535888671875
950078,114.94337463378906
763609,118.62470245361328
58601,55.923858642578125
741169,140.69142150878906
1918,1806.39306640625
69655,1563.7039794921875
58906,13.651115417480469
12551,1976.699462890625
278947,5494.734375
110374,88539.8203125
897245,120.87528228759766
128207,476.59814453125
36305,36301.82421875
583332,455.2886657714844
843529,102.3255615234375
588041,205.78919982910156
1217067,5.173509120941162
1026423,55.14433288574219
53947,892.65948486328125
643,20736.595703125
22548,1896.1435546875
782268,7677.97216796875
984983,90.82061767578125
886470,64.80948638916016
181069,117.68763732910156
783600,103.61802673339844
675377,356.3140563964844
228347,1151.6864013671875
1136218,32.60687255859375
33159,673.081298828125
727401,939.1578369140625
852899,153.38226318359375
714318,126.3009262084961
799933,658.67083740234375
878617,273.1108093261719
1189459,46.947200775146484
131374,1194.9530029296875
44285,1535.7642822265625
14279,4541.91259765625
1164496,52.661773681640625
145,9079.5859375
731693,1222.445068359375
11267,955.35040283203125
783583,104.460693359375
271443,3570.346923828125
1217327,6.558827877044678
47934,1147.2008056640625
2122,1188.7254638671875
303039,481.79254150390625
1217306,15.433958053588867
62920,205266.46875
810563,379.09832763671875
697352,411.60272216796875
40154,1379.9974365234375
59040,25.15357208251953
85120,2759.24365234375
659468,141.46011352539062
31239,4464.7001953125
57507,6613.4306640625
299139,539.0684814453125
950809,197.04891967773438
424,13226.337890625
777411,139.06112670898438
42941,981.90625
415229,952.7950439453125
114355,1440.340087890625
25090,4370.67724609375
890325,471.7327575683594
927494,50.94089126586914
960228,47.142669677734375
107074,2022.950439453125
345930,534.5980224609375
237466,382.8301086425781
653490,179.9574432373047
71874,1550.02734375
1046851,200.79054260253906
2042,1068.81884765625
446365,16066.1708984375
712597,257.58349609375
28030,590.27667236328125
731487,312.5326843261719
783210,118.79898834228516
809886,205.82275390625
888463,3158.0068359375
54410,595.23541259765625
826806,100.524658203125
639944,341.0417785644531
1838,620.7158203125
555449,1026.6141357421875
802806,464.4054870605469
719587,269.881591796875
2133,1703.5640869140625
2661,1833.098388671875
242620,494.7591247558594
1136313,83.77510070800781
63153,13871.689453125
574122,522.0194091796875
68930,1049.72802734375
27495,447.39044189453125
894354,186.78390502929688
8856,86022.5546875
19911,43499.421875
1128232,1029.3189697265625
582634,253.81431579589844
1098723,96.7084732055664
248604,8434.943359375
777190,177.509765625
644081,175.3500518798828
1184472,35.18974685668945
1212896,34.49565124511719
1151114,203.86085510253906
611031,890.37664794921875
679800,416.7320861816406
610671,189.08840942382812
1004268,66.83428192138672
749135,158.9237060546875
189574,1282.963134765625
374612,229.57443237304688
558817,1810.322509765625
3759,112961.3359375
652686,442.99957275390625
854418,123.68659973144531
988445,133.08111572265625
1212541,28.469350814819336
674,29630.32421875
896381,79.58220672607422
838273,124.0137710571289
265956,1555.7637939453125
759,68861.234375
573969,175.47459411621094
1099487,181.49197387695312
952838,211.5428924560547
3542,3763.543212890625
831374,519.584716796875
809731,868.386474609375
764608,236.3272705078125
28940,1350.006591796875
590517,272.79193115234375
565807,196.30035400390625
187248,643.38665771484375
611884,945.71759033203125
26846,5917.35107421875
1062064,35.346012115478516
1215946,16.117816925048828
787605,173.5281982421875
402471,418.1186218261719
1185859,56.0791130065918
669276,762.1593017578125
736814,218.02499389648438
988162,42.126495361328125
55320,25.080963134765625
495105,318.928955078125
686058,237.79112243652344
719259,252.68064880371094
8425,1533.0263671875
729469,241.30117797851562
56690,840.99102783203125
634196,150.13375854492188
1051690,503.25738525390625
192415,1270.8277587890625
869240,1132.5003662109375
340221,3126.935302734375
1158033,596.53564453125
16566,2912.876220703125
192790,4381.92919921875
860839,131.48382568359375
1070113,23.6623477935791
3272,4279.99755859375
1091687,25.86334991455078
247251,2256.1650390625
553311,1261.4263916015625
636235,377.9638977050781
2259,20843.83984375
988895,109.33457946777344
14318,18017.07421875
1078460,173.07461547851562
1023392,84.64427947998047
864877,532.1092529296875
606905,268.1778869628906
53102,813.2947998046875
79137,7533.54638671875
595360,760.79840087890625
608746,1255.240234375
631990,348.3393249511719
528097,190.14346313476562
855,9708.9306640625
858136,194.06991577148438
656934,207.76808166503906
768339,298.29058837890625
801463,103.7210922241211
1142306,17.336381912231445
600434,424.98663330078125
783322,134.048095703125
827690,103.43646240234375
902411,3076.616455078125
1059102,55.39792251586914
766656,420.0636291503906
859838,249.2204132080078
886326,270.4638977050781
769952,718.29266357421875
60830,2380.619384765625
777903,445.9580993652344
1966,1069.87744140625
531502,458.5655517578125
1186239,36.071319580078125
832611,223.77053833007812
754879,386.2735595703125
649248,590.4517822265625
108608,1011.9392700195312
2491,5669.78857421875
33996,1685.690673828125
17167,9516.9482421875
377918,197.07965087890625
108954,82.93981170654297
418344,1898.9901123046875
566804,473.9084167480469
984011,193.47598266601562
1027353,99.42692565917969
778026,316.9766540527344
1015903,1281.204833984375
710919,1453.6746826171875
264438,332.844970703125
1070664,233.16090393066406
1197248,230.29071044921875
50428,1316.51025390625
1010375,40.097957611083984
56174,733.300537109375
27914,578.50762939453125
1128226,280.62750244140625
759515,123.25515747070312
633203,1116.952880859375
1122513,31.050127029418945
823840,1907.9921875
2044,1887.3692626953125
465687,740.8623046875
517625,1359.2447509765625
876413,133.958251953125
1154822,45.2982063293457
11221,2373.725341796875
739840,420.5875549316406
26699,1051.115478515625
377106,1115.3009033203125
26151,1536.759033203125
20991,1256.4815673828125
661720,302.4481201171875
1704,2915.759765625
448412,474.7765197753906
1188849,901.26312255859375
27512,989.4578857421875
58767,14.551555633544922
1043236,27.113296508789062
1063788,1106.519287109375
459705,184.81134033203125
626026,986.46075439453125
874923,100.68833923339844
1034152,196.67344665527344
159484,9767.130859375
676,13777.16015625
1138400,22.593002319335938
1214703,12.713147163391113
555298,942.45782470703125
720668,208.0370330810547
20899,468.3744812011719
1168407,19.90833854675293
549212,251.87875366210938
711568,442.68853759765625
411293,213.16464233398438
224795,5326.517578125
201575,4271.6708984375
865278,1620.8052978515625
533871,77287.25
444937,615.7244873046875
1746,13388.6162109375
1074867,389.6143798828125
586033,2646.630126953125
771947,1650.1717529296875
1018569,23555.505859375
715354,179.58627319335938
205791,9119.0693359375
39342,511.58953857421875
19894,2570.639892578125
1152683,47.85626220703125
430503,1151.583251953125
113876,812.61834716796875
703714,1310.7105712890625
31871,4014.16845703125
164979,10519.0625
1001428,91.3955078125
625850,186.701171875
945737,89.36952209472656
35992,784.0438232421875
868339,277.5533752441406
838500,198.08831787109375
1218162,10.997258186340332
423349,9479.447265625
849495,179.0305938720703
1035931,110.3956298828125
1042832,30.109291076660156
1054755,25.768035888671875
926191,143.8655548095703
743366,2355.4111328125
110143,560.79730224609375
1205812,23.55149269104004
896112,51.438087463378906
25999,360.59979248046875
661560,174.48362731933594
891291,297.2662658691406
1009423,28.94858169555664
819513,8682.5439453125
1141622,55.52250671386719
839256,170.8673095703125
107738,363.80548095703125
174293,11579.6455078125
1214388,12.356059074401855
568046,689.716796875
67857,439.5831298828125
450859,704.304931640625
876650,323.7913818359375
143358,686.1419677734375
1029230,27.326984405517578
659804,351.10687255859375
183371,2349.505126953125
389444,299.8667297363281
970539,250.01588439941406
1182416,16.001773834228516
1093125,34.70132064819336
29932,1340.0220947265625
1202939,60.43449783325195
679830,1340.8204345703125
546051,219.16238403320312
910864,859.95721435546875
482820,150.8021697998047
31879,7136.3603515625
103874,718.68255615234375
142237,477.349609375
885040,144.37388610839844
33957,2732.17626953125
479277,1050.10400390625
1189423,8.405652046203613
740062,231.8732452392578
423357,6525.18359375
722,29843.443359375
959598,65.188079833984375
991453,63.784149169921875
582660,229.65721130371094
834760,618.114013671875
528133,276.1624755859375
541440,1551.214111328125
625937,496.7708740234375
880206,296.64154052734375
783612,104.460693359375
1153153,18.043182373046875
33306,6887.5322265625
1097,17407.841796875
1140907,26.853622436523438
733412,502.05010986328125
14439,10571.87109375
503277,359.70233154296875
1504,16660.2734375
911044,373.0149230957031
1172728,88.424041748046875
546263,7753.201171875
1071,112637.328125
555763,733.06317138671875
236677,565.96270751953125
162438,322.1773376464844
873885,466.5931701660156
96656,420.4039001464844
959,5685.69189453125
673165,133.62179565429688
229080,262.2250061035156
924757,85.1045150756836
745353,171.74026489257812
778634,904.552001953125
262756,1476.3984375
430448,318.0030822753906
837952,89.539886474609375
783527,118.79898834228516
486358,662.38360595703125
962607,155.09181213378906
95,70511.3828125
552239,11494.2451171875
62952,4120.5107421875
1005,1247.9205322265625
470391,239.6162567138672
260027,4788.31640625
1017895,55.5818977355957
783039,262.97406005859375
702901,190.74436950683594
495187,245.8085174560547
349416,1089.319580078125
564745,197.6260223388672
863787,350.0815734863281
34062,1969.9725341796875
979081,506.05963134765625
365870,473.5623474121094
233939,13744.234375
2374,73129.7265625
587187,1540.55224609375
467015,662.86102294921875
974004,203.72470092773438
302883,171.0937957763672
820958,250.09982299804688
842181,103.2210922241211
36410,1310.6300048828125
886299,68.0947494506836
162181,576.2991943359375
890341,63.217472076416016
358010,1095.2232666015625
1043662,94.788818359375
892340,75.08255767822266
64986,816.5445556640625
729865,164.78277587890625
742212,292.3337097167969
1118726,121.79456329345703
167452,768.97296142578125
386784,2117.39892578125
422744,1400.4105224609375
648391,298.1357421875
1041311,2839.957275390625
1019472,91.7858657836914
958011,667.51220703125
621865,245.57901000976562
492918,380.4844665527344
944598,43.34342575073242
856757,123.6031723022461
1209191,23.158416748046875
71736,1312.4830322265625
822027,399.01513671875
98860,3177.737548828125
876905,170.6558380126953
787316,140.81585693359375
783297,130.25567626953125
1221105,14.239060401916504
51745,3518.954833984375
594599,282.31903076171875
795176,199.6068115234375
10330,1188.72998046875
621878,270.799560546875
924058,173.91944885253906
946028,271.46112060546875
294023,241.85952758789062
263315,564.4959716796875
650952,238.5113067626953
1091682,44.82209777832031
809083,2568.35595703125
863921,2121.136962890625
965643,42.80708312988281
34080,1504.321533203125
1284,1548.4759521484375
984101,2570.47314453125
954101,673.57122802734375
836566,1164.360107421875
1156793,22.269628524780273
458802,231.03897094726562
963097,151.029052734375
82169,2358.392822265625
162190,592.53497314453125
714,28090.61328125
405004,377.982666015625
1040941,93.237945556640625
304180,530.76617431640625
449036,2650.834716796875
400409,818.376953125
594620,1419.111572265625
783712,124.46210479736328
1071257,23.302141189575195
447145,2751.632080078125
1205389,66.90238952636719
31229,1860.6112060546875
791304,337.5002136230469
74447,571.0694580078125
450143,2279.54248046875
199291,1147.044921875
848237,1317.128662109375
874758,66.6285629272461
2912,13287.947265625
1094089,74.223846435546875
678358,252.2078094482422
617950,1060.1417236328125
837885,9765.37109375
727179,200.86619567871094
802084,125.1208267211914
783553,131.35874938964844
39350,1554.3038330078125
229303,1352.3995361328125
289,4616.2890625
745626,186.45314025878906
795871,620.50750732421875
951549,116.641845703125
34281,1791.3607177734375
792301,296.6664123535156
1100036,240.41441345214844
72092,2813.393798828125
433498,280.2806091308594
59083,23.886333465576172
610323,23854.7265625
258011,799.447509765625
526740,787.195068359375
855604,706.20361328125
388401,565.45745849609375
642993,309.0657043457031
943000,80.79270935058594
1024874,132.85855102539062
11594,6039.0283203125
700888,195.71742248535156
19535,5093.92919921875
927490,132.1141815185547
568571,447.7344665527344
953809,90.31047821044922
2561,4410.4296875
954466,73.59168243408203
519333,14320.2705078125
44117,2462.1240234375
846285,159.34347534179688
1124781,22.144454956054688
11361,13936.490234375
439931,864.736572265625
927783,52.054351806640625
59133,22.59122085571289
1033829,369.1728210449219
573434,581.2222900390625
955207,262.7225036621094
575536,251.67514038085938
37497,2508.780029296875
862215,135.9913787841797
1199854,23.884607315063477
807759,305.5459899902344
857957,77.30254364013672
939200,375.3154296875
609868,212.7101593017578
1124220,249.31349182128906
836676,103361.5234375
29440,2201.712890625
35496,7864.27099609375
30322,28479.556640625
26576,3990.9716796875
913979,522.761962890625
309430,26037.23828125
784896,12710.0048828125
1090223,32.87244415283203
515802,1355.6361083984375
812269,148.03036499023438
1095362,276.7038269042969
52285,1478.3265380859375
18261,2959.98486328125
928942,35.1312255859375
31232,2041.4227294921875
16111,379.372314453125
535720,812.92181396484375
52057,4129.25927734375
152498,25524.380859375
10417,2653.70556640625
116963,1223.3623046875
1209199,21.262989044189453
1069382,195.46578979492188
139228,950.06341552734375
732739,171.26455688476562
358846,418.3513488769531
59101,634.4129638671875
989769,256.8167419433594
289643,421.3202209472656
1060086,33.54057312011719
58827,13.779546737670898
1904,16847.3046875
383981,304.1480407714844
37977,1437.999267578125
107620,67326.203125
921386,62.45400619506836
565970,492.93719482421875
734201,476.5156555175781
448993,174.42689514160156
36560,1632.7091064453125
850950,644.76220703125
1023402,94.16941833496094
892212,9220.2822265625
553603,322.0240478515625
1015325,1041.632080078125
883755,443.3987731933594
297829,288.13214111328125
1018159,1099.4605712890625
937938,101.78865051269531
1115982,25.790863037109375
889044,172.21351623535156
142930,13509.9775390625
417323,462.9034118652344
23651,81378.2109375
1149881,19.36551284790039
422714,541.60894775390625
972303,132.6699676513672
160789,1900.8173828125
208794,268.1993713378906
256,6004.31396484375
907630,66.26795959472656
784363,642.76385498046875
829839,214.67860412597656
752464,93.62335968017578
647086,190.11328125
1162596,18.053918838500977
1019437,3253.635498046875
1088794,503.4477233886719
1074678,54.88407897949219
1219370,6.961546897888184
312076,408.4284362792969
905,47017.8515625
490561,624.15484619140625
744917,328.697021484375
515695,15655.53515625
475199,159.25119018554688
240307,1462.8309326171875
1191907,274.8323669433594
377259,369.0622863769531
611886,174.26876831054688
1151440,280.8070068359375
5236,3811.7470703125
65686,834.95184326171875
573642,523.10406494140625
22987,11197.5478515625
953572,99.01488494873047
239299,245.30690002441406
1053964,51.66501235961914
1084834,28.362253189086914
63330,1652.9990234375
51156,2227.703369140625
281893,367.0692443847656
29221,2973.243896484375
784425,357.06121826171875
275283,3225.71484375
372092,1038.1436767578125
794035,1067.8045654296875
947251,59.59687042236328
513420,408.2306213378906
840007,95.2956314086914
643478,795.89874267578125
365055,204.46774291992188
921879,214.45045471191406
1193577,30.107345581054688
1113064,39.01862716674805
950705,383.71502685546875
495665,207.6322021484375
27309,605.79888916015625
527553,1660.5072021484375
474330,2177.343017578125
848974,162.3700714111328
889614,132.9208526611328
809729,100.1814193725586
750658,361.882568359375
609158,4037.827392578125
522920,507.2170715332031
1220125,171.65396118164062
547911,646.31298828125
4665,7336.544921875
402299,729.20904541015625
260294,434.801513671875
603345,243.6326904296875
778173,131.3889923095703
571266,163.794921875
142,23495.064453125
37448,656.959716796875
31333,1850.343505859375
783707,109.91040802001953
2469,4008.216064453125
58241,22.351316452026367
1203214,13.767183303833008
108119,1320.2154541015625
992744,429.83062744140625
894882,193.6002960205078
616982,1162.6053466796875
1029968,453.87774658203125
211450,2310.137451171875
1000971,58.774330139160156
954276,220.7928466796875
1072835,20.631454467773438
94330,2401.349853515625
921545,9221.099609375
1027320,35.260711669921875
43772,798.8751220703125
814125,789.82476806640625
764917,125.50630187988281
774368,477.22259521484375
4738,20244.470703125
400254,1998.724609375
285893,555.5047607421875
833303,5244.04736328125
512985,323.08453369140625
642399,198.35580444335938
904486,94.41706848144531
584484,266.3910217285156
510114,677.427734375
732677,1284.8321533203125
26789,3994.013916015625
804181,3391.64794921875
948173,59.256492614746094
1012401,37.737770080566406
558169,1649.1160888671875
114817,746.62030029296875
913696,42.82829666137695
122892,18740.779296875
905768,2179.36865234375
537392,486.271728515625
735805,268.4031677246094
1030187,53.429473876953125
1200255,159.45619201660156
1114352,42.249176025390625
432073,357.09356689453125
106549,2444.08935546875
1016932,106.3536148071289
548262,787.98187255859375
501016,1885.712158203125
826772,452.666748046875
993226,203.62757873535156
452445,501.8148498535156
1091862,202.82994079589844
236,2080.932861328125
326046,2465.912109375
1122737,24.55411148071289
681663,318.1631164550781
1701,13004.677734375
599325,405.99603271484375
374,44718.1015625
567329,814.42529296875
193124,3557.09228515625
623095,2769.869873046875
1168975,127.41613006591797
266957,14164.8310546875
1208641,60.30231475830078
607294,732.51873779296875
245549,2690.38720703125
611022,683.55853271484375
1031719,57.38901138305664
389627,2946.06591796875
518183,932.27862548828125
915472,42.52817916870117
912296,1140.71728515625
445311,3070.012939453125
943356,81.96247100830078
1095652,308.2994384765625
783140,103.61802673339844
4552,13742.8447265625
490777,388.4862976074219
36,14780.6787109375
1055072,242.24237060546875
565694,1558.542236328125
517072,818.84619140625
917051,125.48883056640625
899105,48.37376022338867
185678,1140.858154296875
743822,313.4502258300781
259992,445.5283203125
810849,175.50723266601562
209130,43894.140625
31369,3416.16015625
807028,136.24945068359375
16455,713.81268310546875
611916,266.4739685058594
3328,2322.508056640625
89542,588.43121337890625
77361,19259.189453125
626412,241.37448120117188
1150209,22.024436950683594
702605,241.82089233398438
760906,1322.5107421875
1188517,24.151193618774414
32592,3636.4140625
619327,231.59158325195312
2047,804.55706787109375
876182,185.32308959960938
56609,1048.6934814453125
992572,135.1319122314453
1051682,36.35368347167969
495053,231.25820922851562
229465,1336.6939697265625
1152971,1305.098876953125
759283,140.26318359375
650555,273.0876159667969
637840,186.6760711669922
916477,51.3668212890625
145468,3828.92919921875
950906,139.76539611816406
1022338,246.48727416992188
1003979,39.07924270629883
162197,592.53497314453125
492459,642.51593017578125
1084467,199.7908935546875
1010345,65.61460876464844
1008017,1280.9923095703125
1004647,46.04724884033203
645098,535.953125
859807,445.2660217285156
1215199,96.957305908203125
656421,206.37811279296875
866169,1096.713134765625
1060902,86.99937438964844
783038,127.53168487548828
831588,96.49469757080078
561328,747.806396484375
608658,227.0110626220703
670731,199.08383178710938
1097350,652.3724365234375
1206423,10.980414390563965
752082,559.54052734375
582125,152.67503356933594
782324,579.88323974609375
260293,495.7249755859375
864664,265.29766845703125
1079965,34.29684829711914
816649,15251.29296875
946607,175.20278930664062
1045412,250.25860595703125
169982,1439.21142578125
26414,735.97021484375
671370,275.2570495605469
715658,4310.03369140625
1069,263681.75
583134,717.9368896484375
569,9437.494140625
437896,2023.6334228515625
948986,46.46089172363281
1064351,53.17451095581055
1126269,143.4239044189453
85303,1221.1988525390625
649694,1087.219970703125
379454,5715.03662109375
857057,318.06268310546875
1219669,23.17931365966797
673680,506.918701171875
716648,175.83123779296875
1137878,58.10258102416992
994549,443.2309265136719
48590,362.3822937011719
1165076,40.44618606567383
297188,4913.69580078125
95229,682.21240234375
836487,975.9737548828125
591060,287.4652099609375
626638,805.615478515625
1048267,1445.8284912109375
701460,143.39114379882812
1571,5935.07470703125
943881,66.35089874267578
1216620,16.934410095214844
602620,1458.58154296875
373954,4502.55908203125
773606,4088.401611328125
1173541,58.09621047973633
476237,3641.217041015625
50349,1047.7222900390625
8819,1091.3092041015625
720831,148.7732391357422
441260,2206.213134765625
1123876,92.67091369628906
883358,714.5015869140625
783172,188.39820861816406
528376,813.2808837890625
5263,623.855224609375
998545,54.13007736206055
783113,126.54917907714844
170473,352.5262756347656
904037,805.83447265625
1156330,63.43074035644531
534374,349.3027038574219
31564,1194.55712890625
563884,187.5510711669922
963637,3296.128662109375
762191,2344.568603515625
7363,3551.763427734375
696350,411.8603210449219
54448,5745.6015625
31255,540.59027099609375
58328,25.07471466064453
868764,2785.780517578125
560908,341.1725769042969
563616,1344.7177734375
168958,1196.9478759765625
803204,129.28558349609375
487167,489.8199768066406
560378,2518.877685546875
1099448,27.18705177307129
70960,3190.5947265625
1106205,50.903350830078125
501020,6804.95361328125
541634,426.10247802734375
366712,853.10797119140625
1131564,117.16857147216797
555200,494.15838623046875
832753,101.89995574951172
808111,1070.6260986328125
669058,784.91766357421875
487182,803.5487060546875
774355,557.6925048828125
938145,285.5928649902344
783271,103.61802673339844
1029220,99.516998291015625
875357,372.56927490234375
501250,326.90667724609375
352473,339.1533203125
116555,5260.74755859375
157611,8829.1796875
47384,6141.76806640625
1184217,167.67864990234375
610503,423.94024658203125
746653,129.29379272460938
113977,1831.4864501953125
52145,1816.4886474609375
930252,111.31560516357422
855002,127.2054214477539
354975,443.8410949707031
1492,8093.4765625
230111,1080.8233642578125
1153005,51.956050872802734
366636,416.68756103515625
598179,191.88368225097656
381463,290.5821838378906
1198411,53.73577117919922
1129,19036.73828125
918883,637.55047607421875
362180,2937.177001953125
886371,78.7474365234375
662488,296.6551208496094
1163073,61.32002639770508
1063531,114.21279907226562
1032838,765.18865966796875
791471,143.76002502441406
93858,9988.3447265625
55259,2668.284912109375
128214,513.2659912109375
806781,196.43594360351562
1014390,460.065185546875
778702,771.4078369140625
3601,1646.9967041015625
1139690,27.492862701416016
859830,217.21755981445312
25154,940.97821044921875
196894,647.9527587890625
1148248,800.1236572265625
448531,330.9589538574219
1137858,1015.4431762695312
668370,593.5892333984375
312061,466.6036376953125
222973,588.4788818359375
2444,5572.56298828125
686591,160.54092407226562
845430,3968.92333984375
493853,498.91522216796875
846041,1021.6072998046875
1219270,22.34538459777832
25180,9299.34375
7181,144679.125
54460,11738.208984375
910830,2033.3670654296875
820552,95.30594635009766
608694,166.66867065429688
66675,292.4749755859375
280874,354.6329345703125
1103848,26.297304153442383
49854,1289.65234375
938511,299.08245849609375
561016,1201.1685791015625
440220,306.5204772949219
1027749,39.692928314208984
1111132,43.947792053222656
986,2391.93310546875
1074292,118.45128631591797
721,26908.955078125
856740,195.59109497070312
370478,752.38385009765625
772751,378.0459289550781
1134563,162.02203369140625
1979,3161.4208984375
961810,172.37643432617188
115134,70.59130859375
1121109,58.041908264160156
1070079,99.216217041015625
1634,4085.716064453125
312077,479.0330505371094
850529,454.084716796875
31407,1288.4249267578125
893347,130.8291473388672
1200155,80.4636459350586
41884,716.2364501953125
1081853,51.863739013671875
800853,171.35997009277344
687089,167.6730499267578
783633,109.91040802001953
2501,7318.501953125
1034721,117.12533569335938
311896,308.7106018066406
50818,1349.338623046875
576228,169.9883270263672
30292,457675.40625
732902,616.20501708984375
68926,1478.4090576171875
3794,5086.44384765625
184346,294.40771484375
312006,496.62713623046875
734048,138.19064331054688
43755,814.0191650390625
1120219,230.48812866210938
155940,660.3309326171875
1059449,507.95916748046875
29118,609.8262939453125
855009,134.83775329589844
715504,936.197509765625
819715,307.5005798339844
424027,275.3519592285156
83491,1129.18896484375
600204,384.41168212890625
87151,475.2671203613281
872057,713.777587890625
833064,86.6856918334961
34282,1605.6129150390625
1200085,19.686187744140625
743839,303.0054626464844
923364,373.48089599609375
162245,560.24029541015625
552629,632.3709716796875
133,7848.08056640625
609950,756.3475341796875
687105,141.34164428710938
31361,2122.091064453125
427427,1645.589111328125
1119865,24.492725372314453
728249,403.8813171386719
500992,43730.1015625
992147,266.9728088378906
441440,222.14151000976562
1117005,846.59295654296875
583842,1417.0140380859375
19840,559.214599609375
208480,493.44610595703125
726033,142.88565063476562
586422,1327.8616943359375
26721,561.289794921875
4600,17170.775390625
214346,1772.9727783203125
501611,7650.63525390625
99008,3230.03369140625
43903,699.6722412109375
56607,1257.5863037109375
162225,662.21337890625
38921,6660.33154296875
419717,228.6331787109375
21086,1674.1971435546875
575866,1390.100830078125
755609,222.37657165527344
34290,1576.8236083984375
116021,507.74847412109375
933387,102.34185791015625
752890,2539.0087890625
1101164,52.1950798034668
1161732,115.91252136230469
731,95259.15625
64389,419.9076232910156
32801,10585.89453125
940553,50.854915618896484
93246,689.4090576171875
1209061,149.08493041992188
638774,263.4154357910156
713814,319.9179382324219
765471,959.4197998046875
104856,288.60516357421875
312014,543.85089111328125
878,3000.083251953125
845992,275.5572509765625
224975,411.66986083984375
1018618,233.6865997314453
783195,134.67236328125
38236,376.2759094238281
1004518,58.89299774169922
633153,173.30072021484375
419700,403.59771728515625
415152,745.08917236328125
884368,941.8994140625
1171087,77.71845245361328
819517,402.70208740234375
33233,2356.716552734375
191977,1480.630615234375
966124,154.5054473876953
815625,654.7327880859375
730436,396.8631591796875
16993,1092.1702880859375
78404,904.85272216796875
1083686,28.45106315612793
505561,1950.0906982421875
659563,378.28521728515625
1162937,122.60520935058594
56612,2861.8818359375
1108010,47.50193405151367
580041,212.31222534179688
562854,695.95648193359375
1141842,30.993886947631836
783744,282.6864013671875
176269,1039.7860107421875
62170,614.59747314453125
512212,1107.191650390625
778301,143.37234497070312
1156434,15.547444343566895
787439,107.90251159667969
482840,154.375244140625
9125,863.99884033203125
990413,82.90971374511719
573843,491.23883056640625
783233,104.460693359375
588120,566.614013671875
213101,737.696044921875
417757,1163.299072265625
1546,1223.7327880859375
1131687,47.38467025756836
416847,2106.257568359375
955641,391.35943603515625
1150649,38.25790786743164
551206,527.69146728515625
1095787,20.719335556030273
563889,203.1161346435547
917800,1135.9378662109375
838233,98.07093048095703
605,7768.84033203125
1043676,279.0235290527344
8689,21415.197265625
455612,623.37054443359375
853326,161.7581787109375
1040588,179.779052734375
71104,946.709716796875
2223,1009.30712890625
598912,1210.5091552734375
1195,2158.998291015625
909518,83.3974609375
783221,127.53168487548828
496744,482.5010986328125
614218,1563.293212890625
1106135,37.193477630615234
783541,119.27101135253906
1052040,140.27716064453125
800797,4045.03076171875
293515,653.4967041015625
674059,390.4710388183594
844957,151.1837615966797
947997,600.337158203125
421068,1533.6273193359375
1180141,43.291351318359375
333337,1325.5380859375
936497,102.60279083251953
1007108,60.73294448852539
614022,296.6662902832031
1086535,196.16317749023438
822806,3216.5146484375
1003583,269.6546936035156
741647,184.87313842773438
955561,857.978515625
1069663,155.86343383789062
943504,72.50666809082031
926287,1585.7874755859375
801809,534.67529296875
940370,148.91824340820312
49781,181563.3125
860815,186.04629516601562
1445,957.4774169921875
155438,798.40936279296875
381255,373.6255187988281
878532,76.75826263427734
336028,1196.5216064453125
855494,1210.29443359375
1119930,66.8047103881836
937601,484.38055419921875
1170899,80.15930938720703
940281,370.6742858886719
422276,450.06378173828125
246,33163.3515625
278296,1099.65869140625
45061,577.44708251953125
25893,4302.587890625
1031949,89.552825927734375
787465,116.85790252685547
863049,60.94556427001953
536150,247.14988708496094
910956,94.81964874267578
26083,992.16455078125
710543,689.3778076171875
565619,389.7901916503906
868130,338.3329162597656
1094606,24.382822036743164
911326,83.30469512939453
1167095,21.430912017822266
726478,128.7795867919922
194111,317.0489196777344
969100,262.90008544921875
205804,11470.208984375
570847,1066.7933349609375
634982,178.98902893066406
31454,2504.9404296875
798478,107.17890930175781
595657,3281.553466796875
600604,260.9829406738281
1182521,42.253902435302734
1096035,201.82176208496094
620439,650.84930419921875
841045,2437.042724609375
1098445,38.126094818115234
871044,862.1456298828125
864392,758.39410400390625
39323,740.86761474609375
743070,311.44903564453125
852810,2033.6715087890625
876234,423.738525390625
378227,296.73321533203125
710168,255.7164764404297
430200,655.00885009765625
8546,5540.2919921875
20555,585.49127197265625
765240,298.71844482421875
376911,1220.845458984375
775936,1027.4981689453125
28404,49974.21875
398450,418.7900390625
949779,5445.14111328125
1071707,44.6715202331543
777138,528.2113037109375
797061,222.70924377441406
1143,39430.21875
903306,754.14459228515625
578034,234.7979736328125
1093869,32.36819076538086
1601,5210.88525390625
947817,352.397705078125
1279,1897.64501953125
1043789,65.98798370361328
45705,3802.41259765625
846632,124.29669189453125
639195,159.4472198486328
1220726,45.4366455078125
839119,1294.033935546875
501030,173.3550262451172
803794,229.65699768066406
751073,195.9913330078125
575756,538.70721435546875
1072088,131.37127685546875
29872,1771.73388671875
46504,357.2691650390625
811830,1165.23046875
444126,6345.86083984375
1129131,27.491735458374023
1048528,59.06908416748047
584681,224.4088897705078
902393,48.97822189331055
410,6172.44873046875
334728,1667.1795654296875
1095510,37.71879196166992
1205577,12.10177230834961
931143,82.24407196044922
58889,25.15357208251953
901496,90.729248046875
644483,305.771728515625
915677,258.2425537109375
973343,42.16969680786133
762038,187.3747100830078
1041226,108.49981689453125
530677,653.31378173828125
284040,21976.46484375
532142,541.22918701171875
783044,273.1236877441406
139630,121562.4375
5258,13601.9208984375
1148186,163.0970001220703
562498,1437.541259765625
2365,1410.296142578125
432722,307.4173278808594
66927,551.159423828125
595430,347.1722717285156
852544,132.56329345703125
740,121658
1173289,15.055201530456543
739988,137.33010864257812
909913,424.37103271484375
719637,214.6612091064453
905125,955.93963623046875
1152755,421.6811828613281
857432,111.47272491455078
430425,243.60365295410156
338257,2962.874267578125
599808,179.84747314453125
627215,176.8779296875
926576,120.6904067993164
261053,3622.88671875
1035620,237.52719116210938
697251,166.2213592529297
725246,212.951904296875
162048,4090.14111328125
607763,1827.6505126953125
381299,42211.57421875
523600,212.0225830078125
712624,128.31031799316406
497370,1129.2249755859375
937211,1827.6173095703125
513338,929.98358154296875
1120859,68588.0625
1169305,22.02132225036621
1097361,92.26161193847656
1139551,61.30044174194336
378374,2092.506103515625
35464,551.641357421875
1182520,25.926761627197266
155,31726.79296875
903526,401.364013671875
1013839,87.14855194091797
581971,542.1988525390625
621557,375.635009765625
35329,1465.6873779296875
751612,108.9360580444336
303857,287.69378662109375
38795,3627.44677734375
107666,6562.6845703125
905688,364.0970458984375
81908,418.42578125
417450,8492.2421875
34307,558.64556884765625
462,9379.74609375
818643,160.63197326660156
928536,43.39678955078125
72962,946.29180908203125
458185,1193.918701171875
886435,477.0526428222656
73257,1060.756591796875
783655,124.46210479736328
783650,136.08750915527344
953948,564.57537841796875
778963,373.38525390625
463002,3209.271240234375
5395,10628.634765625
376,3280.505126953125
955526,35.83381652832031
1170660,17.735551834106445
144315,236.9636993408203
285,1218.1954345703125
160243,2349.4267578125
8547,774.41339111328125
994120,46.06588363647461
878285,251.2755889892578
83863,1062.2518310546875
429152,356.628173828125
762453,261.56787109375
627950,374.8455810546875
778506,110.6047592163086
946768,239.54473876953125
961776,156.0297088623047
539516,807.59814453125
74966,8382.337890625
544257,364.4989929199219
494729,523.135986328125
54600,920.3133544921875
242105,1438.1192626953125
648202,1488.4498291015625
1120583,113.9798355102539
706,1694.5419921875
833673,296.7192077636719
642160,322.9280700683594
1160062,17.96831512451172
366003,296.37078857421875
713879,4460.2021484375
413205,5323.58740234375
495345,242.0818634033203
913727,366.6883850097656
60591,974.9853515625
405233,2582.955322265625
618674,429.5411071777344
11181,1602.2691650390625
796259,176.9526824951172
891144,381.7769775390625
1009520,59.44641876220703
12032,716.04827880859375
37,68625.9453125
848167,195.62168884277344
942508,342.4809265136719
1131358,113.0032958984375
9893,899.1173095703125
683261,272.0740661621094
398016,588.96063232421875
895300,1199.8651123046875
583822,174.95384216308594
1065479,32.29887390136719
31379,1786.2598876953125
262810,1765.078125
778310,706.25616455078125
80134,16685.984375
212391,35646.63671875
840,5934.58203125
784451,122.96780395507812
1215968,80.59919738769531
35765,559.99407958984375
928418,71.81354522705078
44278,767.50543212890625
473432,2030.2918701171875
117687,4305.58447265625
287088,3950.182373046875
902031,122.65332794189453
778086,11541.5546875
98457,2742.274658203125
293945,41048.7890625
467886,2281.2822265625
59246,5512.2802734375
93057,1273.2344970703125
411110,564.29736328125
7061,8175.77001953125
999864,1865.885986328125
29532,903.37786865234375
864768,63.65334701538086
852185,104.98917388916016
247749,901.8551025390625
968328,133.63427734375
607671,783.685791015625
776,2814.4013671875
392,13783.0078125
922467,350.5917663574219
4136,1072.9119873046875
650056,407.41229248046875
1171637,58.54499435424805
64014,392.9620056152344
1169316,206.53956604003906
453928,192.3317108154297
682855,786.92486572265625
948599,68.17057037353516
425985,441.43389892578125
1042383,35.73493194580078
3116,1130.3358154296875
463035,1532.5703125
13954,4521.37158203125
31310,2183.210693359375
1035641,549.2447509765625
1095816,192.27935791015625
925,15544.6396484375
595058,1333.0213623046875
561634,555.07391357421875
257458,444.50848388671875
215810,10839.72265625
99495,884.9642333984375
134715,192417.21875
627465,637.95892333984375
990557,37.089874267578125
412461,873.1090087890625
1047459,414.66485595703125
1110886,30.1639404296875
114335,791.40814208984375
34118,2690.42578125
272268,1005.4628295898438
819622,169.86476135253906
500146,20593.75390625
917076,325.4103698730469
71056,341.9902038574219
1092193,25.031408309936523
894388,87.1847152709961
1040723,90.595703125
1114689,119.92747497558594
5000,2567.60791015625
196997,292.36328125
1113000,2005.0008544921875
11121,5248.25
666243,278.610595703125
989692,38.30651092529297
76704,849.77874755859375
1220587,43.50776672363281
766940,169.79010009765625
1104176,77.279693603515625
4704,864.46697998046875
1128839,86.90065002441406
916192,251.20980834960938
382091,540.69830322265625
59185,15.532427787780762
830489,272.249267578125
64933,6935.92724609375
552081,303.9831848144531
779156,238.04217529296875
13720,332661.875
113673,15425.935546875
1055622,61.394283294677734
547506,7147.48974609375
271102,5309.1630859375
1214982,54.48187255859375
262848,1081.829345703125
551233,811.15032958984375
886431,55.056156158447266
975785,43.55927658081055
857078,527.20709228515625
783688,134.67236328125
67845,665.1806640625
857924,78.70677947998047
1072085,38.97696304321289
1127229,24.183927536010742
214758,552.04608154296875
503888,2102.182861328125
60374,5243.22216796875
482881,304.5601806640625
226114,273.25201416015625
3415,123173.09375
975529,139.9889678955078
68936,1088.17333984375
853457,100.00930786132812
1151231,39.88973617553711
1207964,68.9287109375
2110,14114.734375
739658,263.0127868652344
985270,115.44740295410156
994515,80.70226287841797
1016280,32.60881423950195
1114997,23.649738311767578
1055171,122.61660766601562
927401,446.41082763671875
549032,275.97027587890625
895733,51.438087463378906
38631,820.00665283203125
174616,20570.0625
970347,191.4906463623047
1210698,93.83574676513672
979776,75.50873565673828
829968,185.53228759765625
1120402,22.230701446533203
58813,58.02987289428711
814960,425.5171203613281
515229,214.66151428222656
10121,1477.7113037109375
865390,253.6811065673828
914680,51.1861457824707
708727,217.61306762695312
35660,4649.89599609375
58279,26.712757110595703
423989,3335.05224609375
893243,104.26144409179688
950428,119.29717254638672
312040,505.2743225097656
699454,383.1237487792969
27230,2468.18603515625
709,11292.939453125
783329,134.67236328125
262092,504.0326232910156
411224,349.8000793457031
114089,905.6309814453125
261000,1150.0626220703125
795300,226.61404418945312
943942,223.95489501953125
751035,210.03773498535156
756584,376.47943115234375
18262,2707.842041015625
608349,10579.869140625
17052,632.2950439453125
783483,134.59596252441406
36569,1798.9344482421875
416661,2361.04931640625
2264,8919.880859375
16343,800.0595703125
752974,675.66375732421875
1126638,224.31324768066406
2817,2481.60986328125
973925,39.56102752685547
543056,1234.3848876953125
26658,101849.640625
598324,168.00999450683594
435173,515.4915771484375
1121708,87.2908706665039
17818,11467.802734375
857818,124.92064666748047
657843,769.5374755859375
734262,370.4221496582031
1172820,20.671480178833008
109277,2730.39453125
1185951,12.527703285217285
348862,608.6654052734375
526437,458.508056640625
1183180,29.8150577545166
860851,208.81153869628906
1133103,44.18159866333008
814076,456.9945373535156
1059676,31.00373077392578
774369,326.3140869140625
518168,223.99537658691406
340483,21394.865234375
36093,869.66314697265625
1221735,29.20863151550293
837077,224.4846649169922
1156510,159.165771484375
833950,80.17548370361328
1194730,21.60807228088379
1176556,18.1382999420166
10032,2791.811279296875
820750,2485.7265625
733196,187.04200744628906
1207159,13.1072359085083
7986,3150.37841796875
59148,206.84579467773438
1015129,118.4146957397461
30661,32600.6015625
1199503,15.303885459899902
806941,135.3005828857422
398413,790.28363037109375
850263,162.03121948242188
564009,1462.69775390625
1147827,79.12858581542969
831548,481.445068359375
900149,100.8892822265625
909747,141.75613403320312
51711,3506.777099609375
33929,2441.0830078125
827737,1359.2843017578125
817756,142.50265502929688
786715,558.04388427734375
109784,7097.3818359375
412681,263.6064147949219
1016568,108.26028442382812
545507,279.4096374511719
827392,997.56549072265625
312069,444.12139892578125
6268,3311.47900390625
1227,13299.73828125
567842,3264.544921875
1600,6525.681640625
41682,1805.9443359375
628995,939.61474609375
873480,99.16338348388672
674739,258.110595703125
643940,167.9427032470703
860887,212.18814086914062
849217,127.68215942382812
615514,1452.205810546875
162231,585.5692138671875
778328,140.7008056640625
715182,416.8582763671875
886378,84.2004165649414
929212,114.305908203125
910591,352.01849365234375
718278,146.078369140625
835657,551.4677734375
1090054,312.6305847167969
1100741,60.144718170166016
1183829,15.006271362304688
62590,881.7474365234375
738953,295.7886962890625
909816,221.01499938964844
205353,564.91253662109375
1161477,463.1391906738281
818509,127.75695037841797
1095482,48.89130401611328
844385,157.9769287109375
21870,43273.46484375
81038,351.4024963378906
945141,132.5779571533203
811919,102.4148941040039
524880,235.99630737304688
190856,2036.927490234375
295227,612.44610595703125
1146854,48.86433792114258
859832,203.49664306640625
36241,2336.67333984375
564942,6243.32568359375
928017,101.0150146484375
991900,144.23159790039062
603636,615.7115478515625
1071209,151.8573455810547
479116,297.2386169433594
34283,1242.190185546875
68924,6045.92626953125
202283,1838.9984130859375
619086,150.63592529296875
986407,47.88181686401367
816041,780.18426513671875
732786,756.418212890625
685211,163.1380615234375
63035,338.03363037109375
844002,159.83865356445312
172596,123.76789855957031
640241,164.46336364746094
544698,860.56146240234375
18687,722.08050537109375
950932,40.634647369384766
369392,3826.523681640625
1196764,54.9266471862793
789090,1036.46044921875
34127,2111.8994140625
2276,3076.20556640625
254763,776.15234375
1074052,46.83164978027344
71287,326.1463928222656
922850,202.18336486816406
739983,173.98414611816406
19487,585.4429931640625
1147896,51.038753509521484
726103,143.4765625
881913,480.7041320800781
1031374,1036.8880615234375
914403,966.213134765625
851264,307.6020812988281
415166,183.30677795410156
736888,494.9106140136719
1062118,52.922645568847656
1119908,1256.4552001953125
870429,71.419769287109375
1003852,16290.7509765625
518005,192.1591033935547
818289,168.85264587402344
24133,1300.338134765625
847579,112.33238983154297
144207,2670.998779296875
1095216,23.914260864257812
550110,276.9461669921875
941101,199.55191040039062
783592,119.27101135253906
67870,970.02764892578125
166501,2615.92333984375
62439,1697.2073974609375
1007770,112.5490493774414
817361,226.19752502441406
6821,4896.91064453125
874363,3441.22021484375
232919,381.788818359375
65323,3327.884765625
1217257,23.272981643676758
1021951,471.6065673828125
904852,161.05479431152344
782971,104.460693359375
143878,933.18634033203125
1168136,17.194969177246094
1099869,28.788103103637695
908734,198.5884246826172
513848,474.18939208984375
1156812,76.59117889404297
215869,2977.302978515625
1021540,108.97840118408203
686150,349.1127014160156
272030,489.6163330078125
171712,369.4829406738281
125499,4002.07421875
1139599,15.778336524963379
162180,569.985595703125
863648,2798.005615234375
1035523,43.88401794433594
71191,633.75628662109375
7450,1428.4996337890625
1211,36587.97265625
868155,319.2956848144531
1182076,27.02497673034668
667089,910.98077392578125
